IATA_code1,IATA_code2,number_of_airlines
ABQ,ATL,1
ABQ,BWI,1
ABQ,DEN,4
ABQ,DFW,2
ABQ,IAD,1
ABQ,IAH,1
ABQ,LAS,1
ABQ,LAX,5
ABQ,MCI,1
ABQ,MDW,1
ABQ,MSP,1
ABQ,OAK,1
ABQ,ORD,2
ABQ,PDX,1
ABQ,PHX,2
ABQ,SAN,1
ABQ,SEA,1
ABQ,SFO,1
ABQ,SLC,1
ABQ,STL,1
ABQ,TUS,1
ABV,ACC,1
ABV,CAI,1
ABV,CDG,3
ABV,FRA,1
ABV,LOS,1
ACA,IAH,1
ACA,MEX,3
ACA,MTY,1
ACA,TIJ,1
ACC,ABV,1
ACC,CAI,1
ACC,CMN,1
ACC,DXB,1
ACC,FCO,1
ACC,FRA,1
ACC,IST,1
ACC,JFK,1
ACC,JNB,1
ACC,LOS,2
ACC,MAD,1
ACC,NBO,1
ADB,ATH,1
ADB,DUS,2
ADB,ERZ,1
ADB,ESB,2
ADB,FMO,1
ADB,FRA,1
ADB,GZT,1
ADB,HAJ,2
ADB,IST,4
ADB,MUC,3
ADB,SAW,2
ADB,SXF,0
ADB,TXL,2
ADB,TZX,1
ADB,VIE,1
AER,DME,6
AER,EVN,3
AER,IST,1
AER,SVO,2
AKL,BNE,7
AKL,CAN,1
AKL,CHC,2
AKL,HKG,2
AKL,HNL,2
AKL,ICN,1
AKL,KIX,2
AKL,KUL,1
AKL,LAX,2
AKL,MEL,8
AKL,NRT,2
AKL,PER,1
AKL,PVG,2
AKL,SCL,2
AKL,SFO,2
AKL,SIN,3
AKL,SYD,10
AKL,WLG,2
AKL,YVR,2
ALA,AUH,2
ALA,DEL,1
ALA,DME,1
ALA,FRA,1
ALA,FRU,2
ALA,GYD,1
ALA,HKG,1
ALA,ICN,2
ALA,IST,2
ALA,KBP,2
ALA,KUF,1
ALA,KUL,1
ALA,PEK,2
ALA,PRG,1
ALA,SAW,1
ALA,SHJ,1
ALA,SVO,1
ALA,TBS,1
ALA,TSE,6
ALC,BCN,3
ALC,BFS,3
ALC,BRS,3
ALC,BUD,1
ALC,CWL,3
ALC,DME,1
ALC,DUS,1
ALC,EXT,1
ALC,FRA,1
ALC,GLA,4
ALC,GVA,1
ALC,KEF,3
ALC,KRK,1
ALC,LBA,2
ALC,MAD,1
ALC,MUC,1
ALC,OTP,1
ALC,TXL,1
ALC,VCE,1
ALP,CAI,2
AMA,DEN,2
AMA,DFW,1
AMA,IAH,1
AMA,LAS,1
AMM,ATH,1
AMM,AUH,4
AMM,BAH,3
AMM,BCN,2
AMM,BEY,4
AMM,BOM,1
AMM,BSR,1
AMM,CAI,3
AMM,CDG,2
AMM,CMB,1
AMM,DAM,2
AMM,DEL,1
AMM,DME,2
AMM,DMM,1
AMM,DOH,2
AMM,DXB,3
AMM,FCO,3
AMM,FRA,3
AMM,GVA,1
AMM,IST,2
AMM,JED,4
AMM,JFK,3
AMM,KBP,1
AMM,KRT,1
AMM,KWI,3
AMM,LCA,2
AMM,MAD,2
AMM,MCT,2
AMM,MUC,2
AMM,MXP,2
AMM,ORD,3
AMM,OTP,2
AMM,RUH,3
AMM,SHJ,1
AMM,TIP,3
AMM,TLV,2
AMM,TUN,1
AMM,TXL,2
AMM,VIE,3
AMM,YUL,3
ANC,DEN,1
ANC,FAI,2
ANC,HNL,1
ANC,MSP,1
ANC,ORD,1
ANC,PDX,1
ANC,PHX,2
ANC,SEA,3
ANC,SLC,1
ATH,ADB,1
ATH,AMM,1
ATH,AUH,5
ATH,BCN,3
ATH,BEY,1
ATH,BUD,1
ATH,CAI,1
ATH,CDG,3
ATH,DME,1
ATH,DOH,1
ATH,DUS,2
ATH,DXB,1
ATH,EVN,1
ATH,FCO,4
ATH,FRA,2
ATH,GVA,2
ATH,HER,4
ATH,IST,3
ATH,JFK,4
ATH,KBP,1
ATH,LCA,4
ATH,MAD,2
ATH,MLA,1
ATH,MUC,3
ATH,MXP,3
ATH,NCE,1
ATH,OTP,3
ATH,PRG,1
ATH,SIN,1
ATH,SKG,4
ATH,SVO,1
ATH,SXF,1
ATH,TBS,1
ATH,TIA,4
ATH,TIP,1
ATH,TLS,1
ATH,TLV,3
ATH,TUN,1
ATH,VIE,2
ATH,YUL,1
ATL,ABQ,1
ATL,AUS,2
ATL,BCN,2
ATL,BDL,1
ATL,BHM,1
ATL,BNA,1
ATL,BOG,1
ATL,BOS,2
ATL,BSB,1
ATL,BUF,2
ATL,BWI,3
ATL,BZE,1
ATL,CDG,3
ATL,CHS,1
ATL,CLE,2
ATL,CLT,4
ATL,CMH,2
ATL,CUN,4
ATL,CVG,1
ATL,DAY,2
ATL,DEN,6
ATL,DFW,4
ATL,DSM,1
ATL,DUS,3
ATL,DXB,1
ATL,EWR,2
ATL,EZE,1
ATL,FCO,2
ATL,FLL,3
ATL,FRA,5
ATL,FWA,1
ATL,GCM,1
ATL,GDL,3
ATL,GIG,1
ATL,GPT,1
ATL,GRU,1
ATL,GSO,1
ATL,GSP,1
ATL,HNL,1
ATL,HSV,1
ATL,IAD,3
ATL,IAH,2
ATL,ICN,2
ATL,ICT,2
ATL,IND,2
ATL,JAN,1
ATL,JAX,2
ATL,JFK,1
ATL,JNB,1
ATL,LAS,3
ATL,LAX,3
ATL,LIM,1
ATL,LOS,1
ATL,MAD,2
ATL,MCI,2
ATL,MCO,3
ATL,MDW,3
ATL,MEM,2
ATL,MEX,3
ATL,MIA,2
ATL,MKE,2
ATL,MLI,1
ATL,MSP,2
ATL,MSY,2
ATL,MTY,3
ATL,MUC,3
ATL,MXP,2
ATL,MYR,1
ATL,NAS,2
ATL,NRT,1
ATL,ORD,4
ATL,ORF,2
ATL,PBI,2
ATL,PDX,2
ATL,PHF,1
ATL,PHL,4
ATL,PHX,5
ATL,PIT,2
ATL,PVR,2
ATL,PWM,1
ATL,RDU,2
ATL,RIC,2
ATL,ROC,2
ATL,RSW,2
ATL,SAN,1
ATL,SAT,2
ATL,SAV,1
ATL,SCL,1
ATL,SDF,2
ATL,SDQ,1
ATL,SEA,2
ATL,SFO,3
ATL,SJC,1
ATL,SJD,2
ATL,SJU,3
ATL,SLC,2
ATL,SMF,1
ATL,SRQ,1
ATL,STL,2
ATL,SXM,1
ATL,SYR,1
ATL,TPA,2
ATL,TUL,1
ATL,TUS,1
ATL,YUL,1
ATL,YYZ,4
AUH,ALA,2
AUH,AMM,4
AUH,ATH,5
AUH,BAH,5
AUH,BEY,2
AUH,BLR,1
AUH,BOM,3
AUH,BSR,1
AUH,CAI,2
AUH,CDG,1
AUH,CGK,1
AUH,CMB,4
AUH,CMN,2
AUH,CTU,2
AUH,DAM,1
AUH,DEL,3
AUH,DME,3
AUH,DMM,2
AUH,DOH,2
AUH,DUS,2
AUH,DXB,0
AUH,FRA,4
AUH,GVA,3
AUH,HKG,1
AUH,HYD,2
AUH,ICN,2
AUH,IKA,1
AUH,ISB,3
AUH,IST,3
AUH,JED,5
AUH,JFK,3
AUH,JNB,3
AUH,KRT,3
AUH,KUL,3
AUH,KWI,1
AUH,LCA,2
AUH,LOS,1
AUH,MAA,2
AUH,MCT,10
AUH,MEL,3
AUH,MLE,1
AUH,MNL,2
AUH,MSQ,1
AUH,MUC,4
AUH,MXP,2
AUH,NBO,1
AUH,NRT,2
AUH,ORD,3
AUH,PEK,3
AUH,PRG,2
AUH,PVG,3
AUH,RUH,3
AUH,SIN,5
AUH,SYD,3
AUH,TIP,1
AUH,TSE,2
AUH,TXL,2
AUH,YYZ,1
AUS,ATL,2
AUS,BNA,1
AUS,BOS,1
AUS,BWI,1
AUS,CLT,1
AUS,CUN,1
AUS,DEN,4
AUS,DFW,2
AUS,EWR,1
AUS,FLL,2
AUS,IAD,2
AUS,IAH,2
AUS,JFK,3
AUS,LAS,1
AUS,LAX,5
AUS,LBB,1
AUS,MCO,2
AUS,MDW,1
AUS,MEM,1
AUS,MSP,1
AUS,OAK,1
AUS,ORD,3
AUS,PHL,1
AUS,PHX,2
AUS,SAN,1
AUS,SEA,1
AUS,SFO,3
AUS,SJC,1
AUS,SLC,1
AUS,TPA,1
AYT,BRS,0
AYT,CWL,1
AYT,DUS,4
AYT,ESB,1
AYT,FMO,1
AYT,FRA,3
AYT,GLA,0
AYT,GVA,1
AYT,HAJ,4
AYT,IST,3
AYT,LUX,1
AYT,MUC,6
AYT,PRG,1
AYT,RIX,2
AYT,SAW,2
AYT,SVO,1
AYT,SXF,1
AYT,TXL,3
AYT,TZX,1
AYT,VIE,4
AYT,VNO,1
BAH,AMM,3
BAH,AUH,7
BAH,BEY,2
BAH,BOM,3
BAH,CAI,2
BAH,CDG,1
BAH,CMB,2
BAH,DEL,1
BAH,DMM,4
BAH,DOH,12
BAH,DXB,4
BAH,FCO,1
BAH,FRA,1
BAH,HKG,1
BAH,ISB,1
BAH,IST,2
BAH,JED,3
BAH,KRT,2
BAH,KWI,5
BAH,LCA,2
BAH,MAA,1
BAH,MCT,3
BAH,MNL,2
BAH,NBO,1
BAH,RUH,4
BAH,SHJ,1
BCN,ALC,3
BCN,AMM,2
BCN,ATH,3
BCN,ATL,2
BCN,BFS,2
BCN,BOG,1
BCN,BRS,1
BCN,BUD,2
BCN,CAI,1
BCN,CDG,3
BCN,CMN,3
BCN,CWL,2
BCN,DME,4
BCN,DOH,1
BCN,DUS,3
BCN,DXB,1
BCN,EWR,2
BCN,EZE,1
BCN,FCO,3
BCN,FRA,2
BCN,GLA,1
BCN,GRU,2
BCN,GVA,2
BCN,HAJ,1
BCN,ISB,1
BCN,IST,1
BCN,JFK,5
BCN,KBP,2
BCN,LBA,2
BCN,LUX,1
BCN,MAD,3
BCN,MIA,3
BCN,MLA,2
BCN,MUC,4
BCN,MXP,4
BCN,NAP,2
BCN,NCE,3
BCN,OTP,3
BCN,PHL,2
BCN,PMO,2
BCN,PRG,5
BCN,PSA,2
BCN,RIX,1
BCN,SIN,1
BCN,SVO,2
BCN,SXF,1
BCN,TLS,2
BCN,TLV,4
BCN,TUN,1
BCN,TXL,4
BCN,VCE,4
BCN,VIE,6
BCN,VNO,2
BCN,YUL,3
BCN,YYZ,2
BDL,ATL,1
BDL,BWI,1
BDL,CLE,1
BDL,CLT,2
BDL,CVG,1
BDL,DEN,1
BDL,DFW,1
BDL,EWR,1
BDL,FLL,2
BDL,IAD,1
BDL,JFK,1
BDL,LAS,1
BDL,MCO,2
BDL,MDW,1
BDL,MIA,1
BDL,MSP,1
BDL,ORD,3
BDL,PBI,1
BDL,PHL,2
BDL,PIT,2
BDL,RDU,1
BDL,SJU,1
BDL,TPA,1
BDL,YUL,1
BDL,YYZ,2
BEY,AMM,3
BEY,ATH,1
BEY,AUH,2
BEY,BAH,2
BEY,CAI,2
BEY,CDG,2
BEY,CMN,1
BEY,DMM,3
BEY,DOH,2
BEY,DXB,3
BEY,EVN,1
BEY,FCO,2
BEY,FRA,2
BEY,GVA,1
BEY,IKA,1
BEY,IST,2
BEY,JED,3
BEY,KWI,3
BEY,LCA,2
BEY,LOS,1
BEY,MCT,1
BEY,MHD,1
BEY,MSQ,1
BEY,MXP,1
BEY,OTP,2
BEY,RUH,3
BEY,SAW,1
BEY,SHJ,1
BEY,SVO,1
BEY,TUN,2
BEY,TXL,2
BFI,SEA,1
BFS,ALC,3
BFS,BCN,2
BFS,BRS,1
BFS,CDG,1
BFS,DLM,2
BFS,EWR,2
BFS,GLA,1
BFS,KRK,1
BFS,LBA,1
BFS,LCA,1
BFS,MLA,1
BGR,PHL,1
BGR,SFB,1
BHM,ATL,1
BHM,BNA,1
BHM,BWI,1
BHM,CLT,2
BHM,DEN,1
BHM,DFW,2
BHM,IAH,1
BHM,JAX,1
BHM,LAS,1
BHM,MCO,1
BHM,MDW,1
BHM,MEM,1
BHM,MIA,1
BHM,MSP,1
BHM,MSY,1
BHM,ORD,2
BHM,PHL,1
BHM,PHX,1
BHM,STL,1
BHM,TPA,1
BIL,DEN,3
BIL,LAS,1
BIL,MSP,1
BIL,OAK,1
BIL,PDX,1
BIL,SEA,1
BIL,SLC,1
BJV,BRS,2
BJV,DLM,0
BJV,DUS,1
BJV,ESB,2
BJV,EXT,0
BJV,FRA,1
BJV,GLA,0
BJV,IST,3
BJV,LBA,1
BJV,SAW,2
BLR,AUH,1
BLR,BOM,7
BLR,CCU,5
BLR,CDG,1
BLR,CMB,2
BLR,CTU,1
BLR,DEL,7
BLR,DMM,1
BLR,DOH,1
BLR,DXB,1
BLR,FRA,2
BLR,HKG,2
BLR,HYD,5
BLR,JED,1
BLR,KUL,3
BLR,MAA,7
BLR,MCT,1
BLR,MLE,1
BLR,RUH,0
BLR,SHJ,1
BLR,SIN,3
BNA,ATL,1
BNA,AUS,1
BNA,BHM,1
BNA,BOS,1
BNA,BWI,1
BNA,CHS,1
BNA,CLE,1
BNA,CLT,2
BNA,CMH,1
BNA,CVG,1
BNA,DEN,3
BNA,DFW,2
BNA,EWR,1
BNA,FLL,1
BNA,GSP,1
BNA,IAD,1
BNA,IAH,1
BNA,JAX,1
BNA,JFK,2
BNA,LAS,1
BNA,LAX,3
BNA,MCI,1
BNA,MCO,1
BNA,MDW,1
BNA,MEM,1
BNA,MIA,1
BNA,MSP,1
BNA,MSY,1
BNA,ORD,3
BNA,ORF,1
BNA,PHL,2
BNA,PHX,1
BNA,RDU,1
BNA,SAN,1
BNA,SAT,1
BNA,SLC,1
BNA,STL,1
BNA,TPA,1
BNA,YYZ,2
BNE,AKL,7
BNE,CAN,2
BNE,CBR,3
BNE,CHC,2
BNE,DFW,0
BNE,DPS,1
BNE,DXB,1
BNE,HKG,2
BNE,ICN,1
BNE,KUL,1
BNE,LAX,4
BNE,MEL,5
BNE,MNL,1
BNE,PER,4
BNE,POM,4
BNE,SIN,9
BNE,SYD,5
BNE,TPE,3
BNE,WLG,2
BOG,ATL,1
BOG,BCN,1
BOG,BSB,1
BOG,CDG,1
BOG,CUN,2
BOG,EWR,1
BOG,EZE,2
BOG,FLL,4
BOG,FRA,2
BOG,GIG,1
BOG,GRU,2
BOG,HAV,3
BOG,IAD,2
BOG,IAH,1
BOG,JFK,3
BOG,LIM,3
BOG,MAD,2
BOG,MCO,3
BOG,MEX,3
BOG,MIA,4
BOG,SCL,2
BOG,SDQ,1
BOG,YYZ,2
BOM,AMM,1
BOM,AUH,3
BOM,BAH,4
BOM,BLR,7
BOM,CAI,1
BOM,CCU,5
BOM,CDG,1
BOM,CMB,4
BOM,CTU,1
BOM,DEL,7
BOM,DMM,2
BOM,DOH,2
BOM,DXB,5
BOM,EWR,2
BOM,FRA,2
BOM,HKG,2
BOM,HYD,5
BOM,ICN,1
BOM,IKA,1
BOM,IST,2
BOM,JED,3
BOM,JNB,2
BOM,KUL,2
BOM,KWI,2
BOM,MAA,8
BOM,MCT,4
BOM,MUC,2
BOM,NBO,2
BOM,NRT,2
BOM,RUH,2
BOM,SHJ,2
BOM,SIN,4
BOM,TLV,1
BOS,ATL,2
BOS,AUS,1
BOS,BNA,1
BOS,BUF,2
BOS,BWI,3
BOS,CDG,6
BOS,CLE,1
BOS,CLT,2
BOS,CMH,1
BOS,CUN,1
BOS,CVG,1
BOS,DEN,4
BOS,DFW,3
BOS,EWR,2
BOS,FCO,2
BOS,FLL,2
BOS,FRA,2
BOS,IAD,2
BOS,IAH,2
BOS,IND,1
BOS,JAX,1
BOS,JFK,3
BOS,KEF,1
BOS,LAS,1
BOS,LAX,6
BOS,MAD,3
BOS,MCI,1
BOS,MCO,3
BOS,MDW,1
BOS,MEM,1
BOS,MIA,1
BOS,MKE,1
BOS,MSP,2
BOS,MSY,1
BOS,MUC,2
BOS,MYR,1
BOS,NAS,1
BOS,NRT,2
BOS,ORD,6
BOS,ORF,1
BOS,PBI,1
BOS,PDX,2
BOS,PHL,1
BOS,PHX,3
BOS,PIT,2
BOS,RDU,2
BOS,RIC,2
BOS,ROC,1
BOS,RSW,1
BOS,SAN,1
BOS,SDQ,1
BOS,SEA,2
BOS,SFO,4
BOS,SJC,1
BOS,SJU,1
BOS,SLC,1
BOS,SRQ,1
BOS,STL,1
BOS,SXM,1
BOS,SYR,2
BOS,TPA,1
BOS,YHZ,2
BOS,YOW,2
BOS,YUL,2
BOS,YYZ,5
BRI,BUD,1
BRI,DUS,3
BRI,FCO,1
BRI,MAD,1
BRI,MLA,1
BRI,MUC,3
BRI,MXP,3
BRI,OTP,1
BRI,PMO,1
BRI,PRG,1
BRI,PSA,1
BRI,RIX,1
BRI,TIA,1
BRI,TRN,2
BRI,TXL,2
BRI,VCE,2
BRI,VRN,1
BRS,ALC,3
BRS,AYT,2
BRS,BCN,1
BRS,BFS,1
BRS,BJV,3
BRS,BUD,1
BRS,CDG,3
BRS,CUN,0
BRS,DLM,3
BRS,FCO,1
BRS,GLA,1
BRS,GVA,1
BRS,HER,2
BRS,KRK,1
BRS,LBA,1
BRS,LCA,2
BRS,MAD,1
BRS,MLA,1
BRS,NAP,2
BRS,NCE,1
BRS,PFO,3
BRS,PRG,1
BRS,PSA,1
BRS,SFB,1
BRS,SXF,1
BRS,TLS,1
BSB,ATL,1
BSB,BOG,1
BSB,CGH,3
BSB,CNF,4
BSB,FLN,2
BSB,GIG,2
BSB,GRU,6
BSB,MIA,3
BSR,AMM,1
BSR,AUH,1
BSR,DXB,2
BSR,IST,1
BUD,ALC,1
BUD,ATH,1
BUD,BCN,2
BUD,BRI,1
BUD,BRS,1
BUD,CAI,1
BUD,CDG,2
BUD,DOH,1
BUD,DUS,1
BUD,FCO,2
BUD,FRA,1
BUD,GVA,1
BUD,IST,1
BUD,KBP,1
BUD,KRK,1
BUD,LBA,1
BUD,LCA,1
BUD,MAD,2
BUD,MLA,1
BUD,MUC,1
BUD,MXP,1
BUD,NAP,1
BUD,OTP,1
BUD,PFO,1
BUD,PRG,2
BUD,PSA,1
BUD,RIX,1
BUD,SKG,1
BUD,SVO,1
BUD,SXF,1
BUD,TLV,1
BUD,TXL,2
BUD,VIE,1
BUF,ATL,2
BUF,BOS,2
BUF,BWI,1
BUF,CLE,1
BUF,CLT,2
BUF,EWR,1
BUF,FLL,2
BUF,IAD,1
BUF,JFK,2
BUF,LAS,1
BUF,MCO,3
BUF,MDW,1
BUF,MSP,1
BUF,ORD,3
BUF,PHL,2
BUF,PHX,1
BUF,TPA,1
BWI,ABQ,1
BWI,ATL,3
BWI,AUS,1
BWI,BDL,1
BWI,BHM,1
BWI,BNA,1
BWI,BOS,3
BWI,BUF,1
BWI,CHS,1
BWI,CLE,2
BWI,CLT,3
BWI,CMH,1
BWI,CUN,1
BWI,CVG,1
BWI,DAY,1
BWI,DEN,3
BWI,DFW,2
BWI,EWR,2
BWI,FLL,3
BWI,FRA,1
BWI,GSP,1
BWI,IAH,1
BWI,IND,1
BWI,JAN,1
BWI,JAX,1
BWI,JFK,2
BWI,LAS,1
BWI,LAX,3
BWI,MCI,1
BWI,MCO,2
BWI,MDW,1
BWI,MIA,1
BWI,MKE,2
BWI,MSP,1
BWI,MSY,1
BWI,NAS,1
BWI,ORD,3
BWI,ORF,1
BWI,PBI,1
BWI,PHL,2
BWI,PHX,3
BWI,PIT,1
BWI,PWM,1
BWI,RDU,2
BWI,ROC,1
BWI,RSW,2
BWI,SAN,1
BWI,SAT,1
BWI,SDF,1
BWI,SFO,2
BWI,SJU,1
BWI,SLC,2
BWI,STL,1
BWI,TPA,2
BWI,YYZ,1
BWN,CGK,2
BWN,DXB,1
BWN,HKG,2
BWN,KUL,3
BWN,MEL,1
BWN,MNL,2
BWN,PVG,1
BWN,SIN,2
BWN,SUB,2
BZE,ATL,1
BZE,DFW,1
BZE,IAH,1
BZE,MIA,1
CAI,ABV,1
CAI,ACC,1
CAI,ALP,1
CAI,AMM,3
CAI,ATH,1
CAI,AUH,2
CAI,BAH,2
CAI,BCN,1
CAI,BEY,2
CAI,BOM,1
CAI,BUD,1
CAI,CAN,2
CAI,CDG,2
CAI,CMN,2
CAI,DAM,3
CAI,DME,1
CAI,DMM,2
CAI,DOH,2
CAI,DXB,3
CAI,FCO,2
CAI,FRA,2
CAI,GVA,2
CAI,HRG,1
CAI,ICN,1
CAI,IST,2
CAI,JED,2
CAI,JFK,2
CAI,JNB,2
CAI,KRT,3
CAI,KWI,3
CAI,LCA,1
CAI,LOS,1
CAI,MAD,2
CAI,MCT,2
CAI,MLA,1
CAI,MUC,2
CAI,MXP,3
CAI,NBO,1
CAI,NRT,2
CAI,OTP,1
CAI,PEK,2
CAI,RUH,3
CAI,SHJ,1
CAI,SVO,1
CAI,SXF,1
CAI,TIP,3
CAI,TLV,1
CAI,TUN,2
CAI,VIE,2
CAN,AKL,1
CAN,BNE,2
CAN,CAI,2
CAN,CDG,2
CAN,CGK,2
CAN,CGO,6
CAN,CKG,10
CAN,CSX,4
CAN,CTU,7
CAN,DAD,1
CAN,DEL,1
CAN,DLC,3
CAN,DOH,1
CAN,DXB,3
CAN,FOC,4
CAN,HAK,5
CAN,HAN,2
CAN,HGH,7
CAN,HKG,3
CAN,HRB,4
CAN,ICN,3
CAN,IST,2
CAN,KHH,1
CAN,KIX,2
CAN,KMG,5
CAN,KUL,3
CAN,KWL,2
CAN,LAX,2
CAN,MEL,1
CAN,MLE,1
CAN,MNL,2
CAN,NGB,3
CAN,NKG,6
CAN,NNG,3
CAN,NRT,6
CAN,PEK,6
CAN,PER,2
CAN,PNH,1
CAN,PUS,1
CAN,PVG,4
CAN,REP,1
CAN,RGN,2
CAN,RUH,1
CAN,SGN,3
CAN,SHA,7
CAN,SHE,4
CAN,SIN,4
CAN,SVO,1
CAN,SYD,1
CAN,SYX,3
CAN,TPE,4
CAN,TSN,4
CAN,WNZ,6
CAN,WUH,5
CAN,XIY,5
CAN,XMN,5
CAN,YVR,1
CBR,BNE,3
CBR,MEL,3
CBR,PER,1
CBR,SYD,4
CCU,BLR,5
CCU,BOM,5
CCU,DEL,6
CCU,DOH,1
CCU,DXB,1
CCU,HYD,3
CCU,KMG,1
CCU,KUL,1
CCU,MAA,5
CCU,RGN,1
CCU,SIN,4
CDG,ABV,3
CDG,AMM,2
CDG,ATH,3
CDG,ATL,3
CDG,AUH,1
CDG,BAH,1
CDG,BCN,3
CDG,BEY,2
CDG,BFS,1
CDG,BLR,1
CDG,BOG,1
CDG,BOM,1
CDG,BOS,4
CDG,BRS,3
CDG,BUD,2
CDG,CAI,2
CDG,CAN,2
CDG,CLT,2
CDG,CMB,1
CDG,CMN,2
CDG,CUN,1
CDG,CVG,2
CDG,CWL,2
CDG,DEL,2
CDG,DFW,3
CDG,DKR,2
CDG,DOH,1
CDG,DUS,3
CDG,DXB,3
CDG,EVN,2
CDG,EWR,2
CDG,EXT,2
CDG,EZE,1
CDG,FCO,4
CDG,FRA,2
CDG,GIG,2
CDG,GLA,1
CDG,GRU,2
CDG,GVA,2
CDG,GYD,2
CDG,HAJ,2
CDG,HAN,3
CDG,HAV,1
CDG,HER,1
CDG,HKG,3
CDG,HND,2
CDG,IAD,6
CDG,IAH,3
CDG,ICN,3
CDG,ISB,1
CDG,IST,2
CDG,JED,2
CDG,JFK,7
CDG,JNB,2
CDG,KBP,2
CDG,KEF,1
CDG,KIX,1
CDG,KRK,2
CDG,KUL,1
CDG,LAX,4
CDG,LBA,1
CDG,LCA,1
CDG,LIM,2
CDG,LOS,1
CDG,LUX,2
CDG,MAD,3
CDG,MCT,1
CDG,MEX,3
CDG,MIA,6
CDG,MLA,1
CDG,MSP,2
CDG,MSQ,1
CDG,MUC,2
CDG,MXP,1
CDG,NAP,2
CDG,NBO,2
CDG,NCE,2
CDG,NRT,3
CDG,ORD,8
CDG,OTP,2
CDG,PEK,3
CDG,PHL,2
CDG,PIT,2
CDG,PRG,4
CDG,PSA,2
CDG,PVG,3
CDG,RIX,2
CDG,RUH,2
CDG,SCL,1
CDG,SDQ,0
CDG,SEA,3
CDG,SFO,3
CDG,SGN,4
CDG,SIN,3
CDG,SLC,2
CDG,SVO,2
CDG,SXM,2
CDG,TBS,1
CDG,TLS,3
CDG,TLV,3
CDG,TPE,1
CDG,TRN,2
CDG,TUN,3
CDG,TXL,3
CDG,VCE,4
CDG,VDA,1
CDG,VIE,4
CDG,VRN,3
CDG,WUH,1
CDG,YQB,1
CDG,YUL,7
CDG,YYZ,6
CEB,CRK,3
CEB,DVO,3
CEB,HKG,4
CEB,ICN,6
CEB,MNL,5
CEB,NRT,1
CEB,POM,1
CEB,PUS,3
CEB,SIN,3
CGH,BSB,3
CGH,CNF,3
CGH,FLN,3
CGH,GIG,2
CGK,AUH,1
CGK,BWN,2
CGK,CAN,2
CGK,CMB,1
CGK,DOH,1
CGK,DPS,5
CGK,DXB,3
CGK,HKG,3
CGK,ICN,2
CGK,JED,3
CGK,KUL,10
CGK,MEL,1
CGK,MNL,3
CGK,NNG,1
CGK,NRT,3
CGK,PEK,1
CGK,PER,2
CGK,PVG,1
CGK,RUH,1
CGK,SGN,1
CGK,SIN,13
CGK,SUB,4
CGK,SYD,2
CGK,TPE,3
CGK,UPG,4
CGK,XMN,1
CGO,CAN,5
CGO,CKG,7
CGO,CSX,1
CGO,CTU,4
CGO,DLC,4
CGO,FOC,2
CGO,HAK,3
CGO,HGH,4
CGO,HKG,1
CGO,HRB,4
CGO,ICN,2
CGO,KHH,1
CGO,KMG,4
CGO,KWL,2
CGO,NGB,1
CGO,NKG,3
CGO,NNG,3
CGO,PEK,4
CGO,PVG,3
CGO,SHA,3
CGO,SHE,3
CGO,SYX,3
CGO,SZX,5
CGO,TPE,3
CGO,TSN,2
CGO,WNZ,1
CGO,XMN,6
CHC,AKL,2
CHC,BNE,2
CHC,MEL,3
CHC,SIN,1
CHC,SYD,8
CHC,WLG,2
CHS,ATL,1
CHS,BNA,1
CHS,BWI,1
CHS,CLT,2
CHS,DFW,1
CHS,EWR,1
CHS,IAD,1
CHS,IAH,1
CHS,JFK,1
CHS,MDW,1
CHS,MIA,1
CHS,ORD,2
CHS,PHL,1
CJJ,CJU,4
CJJ,HGH,1
CJJ,PEK,2
CJJ,TSN,1
CJU,CJJ,4
CJU,DLC,1
CJU,GMP,7
CJU,HGH,1
CJU,HKG,2
CJU,ICN,2
CJU,KIX,3
CJU,NGB,1
CJU,NGO,1
CJU,NKG,1
CJU,NRT,2
CJU,PEK,2
CJU,PUS,4
CJU,PVG,2
CJU,SHE,1
CJU,TPE,2
CJU,TSN,1
CKG,CAN,10
CKG,CGO,7
CKG,CSX,7
CKG,DLC,3
CKG,DOH,1
CKG,FOC,3
CKG,HAK,4
CKG,HGH,5
CKG,HKG,5
CKG,ICN,2
CKG,KHH,1
CKG,KMG,7
CKG,KWL,6
CKG,MFM,2
CKG,NGB,2
CKG,NKG,6
CKG,NNG,5
CKG,PEK,7
CKG,PVG,8
CKG,SHA,5
CKG,SHE,3
CKG,SIN,2
CKG,SYX,4
CKG,SZX,8
CKG,TPE,2
CKG,TSN,3
CKG,WNZ,2
CKG,WUH,8
CKG,XIY,6
CKG,XMN,4
CLE,ATL,2
CLE,BDL,1
CLE,BNA,1
CLE,BOS,1
CLE,BUF,1
CLE,BWI,2
CLE,CLT,2
CLE,CMH,1
CLE,CUN,1
CLE,DAY,1
CLE,DEN,1
CLE,DFW,3
CLE,ERI,1
CLE,EWR,2
CLE,FLL,1
CLE,GRB,1
CLE,GSP,1
CLE,IAD,2
CLE,IAH,2
CLE,IND,1
CLE,JFK,2
CLE,LAS,1
CLE,LAX,1
CLE,MCI,1
CLE,MCO,1
CLE,MDW,1
CLE,MEM,1
CLE,MIA,1
CLE,MKE,1
CLE,MSP,2
CLE,MSY,1
CLE,ORD,3
CLE,PHL,2
CLE,PHX,1
CLE,PIT,2
CLE,PWM,1
CLE,RDU,1
CLE,RIC,1
CLE,ROC,1
CLE,RSW,1
CLE,SDF,1
CLE,SFO,1
CLE,STL,1
CLE,SYR,1
CLE,TPA,1
CLE,YUL,1
CLE,YYZ,2
CLT,ATL,4
CLT,AUS,1
CLT,BDL,2
CLT,BHM,2
CLT,BNA,2
CLT,BOS,2
CLT,BUF,2
CLT,BWI,3
CLT,CDG,2
CLT,CHS,2
CLT,CLE,2
CLT,CMH,2
CLT,CUN,1
CLT,CVG,3
CLT,DAY,1
CLT,DEN,2
CLT,DFW,3
CLT,DSM,1
CLT,EWR,2
CLT,FCO,1
CLT,FLL,2
CLT,FRA,2
CLT,GCM,2
CLT,GIG,1
CLT,GPT,2
CLT,GSO,1
CLT,GSP,1
CLT,HSV,2
CLT,IAD,2
CLT,IAH,2
CLT,IND,2
CLT,JAN,2
CLT,JAX,2
CLT,JFK,3
CLT,LAS,2
CLT,LAX,2
CLT,MCI,2
CLT,MCO,2
CLT,MEM,2
CLT,MEX,2
CLT,MIA,2
CLT,MKE,1
CLT,MSP,3
CLT,MSY,2
CLT,MUC,2
CLT,MYR,2
CLT,NAS,2
CLT,ORD,3
CLT,ORF,2
CLT,PBI,2
CLT,PDX,1
CLT,PHF,1
CLT,PHL,2
CLT,PHX,2
CLT,PIT,2
CLT,PWM,1
CLT,RDU,2
CLT,RIC,2
CLT,ROC,1
CLT,RSW,2
CLT,SAN,2
CLT,SAT,1
CLT,SAV,2
CLT,SDF,1
CLT,SEA,1
CLT,SFO,2
CLT,SJD,1
CLT,SJU,1
CLT,SLC,2
CLT,SRQ,1
CLT,STL,2
CLT,SXM,1
CLT,SYR,1
CLT,TPA,2
CLT,YOW,1
CLT,YUL,1
CLT,YYZ,2
CMB,AMM,1
CMB,AUH,4
CMB,BAH,2
CMB,BLR,2
CMB,BOM,4
CMB,CDG,1
CMB,CGK,1
CMB,DEL,3
CMB,DMM,2
CMB,DOH,2
CMB,DXB,4
CMB,FCO,1
CMB,FRA,1
CMB,JED,2
CMB,KMG,1
CMB,KUL,3
CMB,KWI,3
CMB,MAA,6
CMB,MCT,3
CMB,MLE,4
CMB,NRT,1
CMB,RUH,1
CMB,SHJ,2
CMB,SIN,6
CMH,ATL,2
CMH,BNA,1
CMH,BOS,1
CMH,BWI,1
CMH,CLE,1
CMH,CLT,2
CMH,DEN,3
CMH,DFW,1
CMH,EWR,1
CMH,IAD,1
CMH,IAH,1
CMH,JFK,2
CMH,LAS,1
CMH,LAX,2
CMH,MCO,2
CMH,MDW,1
CMH,MEM,1
CMH,MIA,1
CMH,MSP,1
CMH,ORD,3
CMH,PHL,1
CMH,PHX,2
CMH,RDU,1
CMH,RSW,1
CMH,STL,1
CMH,TPA,1
CMH,YYZ,2
CMN,ACC,0
CMN,AUH,2
CMN,BCN,3
CMN,BEY,1
CMN,CAI,2
CMN,CDG,2
CMN,DKR,1
CMN,DXB,1
CMN,FCO,2
CMN,FRA,2
CMN,GVA,1
CMN,IST,2
CMN,JED,2
CMN,JFK,1
CMN,LOS,0
CMN,MAD,2
CMN,MXP,2
CMN,NCE,1
CMN,SAW,1
CMN,SVO,1
CMN,TIP,2
CMN,TLS,2
CMN,TUN,3
CMN,TXL,1
CMN,YUL,1
CNF,BSB,4
CNF,CGH,3
CNF,FLN,1
CNF,GIG,3
CNF,GRU,5
CNF,MIA,3
CNX,HKG,1
CNX,ICN,1
CNX,KMG,1
CNX,KUL,1
CNX,MFM,1
CNX,RGN,1
CNX,SIN,3
CNX,TPE,1
CPR,DEN,1
CPR,SLC,1
CPT,DXB,2
CPT,JNB,8
CRK,CEB,3
CRK,DVO,3
CRK,HKG,5
CRK,ICN,2
CRK,KUL,2
CRK,MFM,2
CRK,SIN,2
CRP,DFW,1
CRP,IAH,1
CSX,CAN,5
CSX,CGO,1
CSX,CKG,7
CSX,CTU,6
CSX,DLC,2
CSX,FOC,4
CSX,HAK,3
CSX,HGH,6
CSX,HKG,2
CSX,HRB,2
CSX,ICN,4
CSX,KHH,2
CSX,KMG,7
CSX,MFM,2
CSX,NGB,6
CSX,NKG,7
CSX,NNG,5
CSX,PEK,7
CSX,PUS,1
CSX,PVG,1
CSX,SHA,5
CSX,SIN,2
CSX,SYX,7
CSX,SZX,4
CSX,TPE,4
CSX,TSN,5
CSX,WNZ,3
CSX,XIY,7
CSX,XMN,6
CTU,AUH,2
CTU,BLR,1
CTU,BOM,1
CTU,CAN,7
CTU,CGO,4
CTU,CSX,7
CTU,DLC,3
CTU,FOC,3
CTU,HAK,3
CTU,HGH,5
CTU,HKG,6
CTU,HRB,2
CTU,ICN,3
CTU,KHH,1
CTU,KMG,9
CTU,KUL,1
CTU,KWL,5
CTU,MFM,2
CTU,MLE,1
CTU,NGB,2
CTU,NKG,5
CTU,NNG,4
CTU,NRT,2
CTU,PEK,7
CTU,PVG,7
CTU,REP,1
CTU,SHA,4
CTU,SHE,3
CTU,SIN,3
CTU,SYX,4
CTU,SZX,7
CTU,TPE,3
CTU,TSN,4
CTU,WNZ,4
CTU,WUH,5
CTU,XIY,7
CTU,XMN,4
CUN,ATL,4
CUN,AUS,1
CUN,BOG,2
CUN,BOS,1
CUN,BRS,1
CUN,BWI,1
CUN,CDG,1
CUN,CLE,1
CUN,CLT,1
CUN,CVG,1
CUN,DEN,3
CUN,DFW,2
CUN,DME,1
CUN,DUS,1
CUN,EWR,1
CUN,EZE,1
CUN,FLL,3
CUN,FRA,1
CUN,GDL,2
CUN,GLA,1
CUN,HAV,2
CUN,IAD,2
CUN,IAH,1
CUN,JFK,4
CUN,LAX,3
CUN,LIM,2
CUN,MAD,4
CUN,MCI,1
CUN,MCO,1
CUN,MDW,1
CUN,MEX,6
CUN,MIA,3
CUN,MKE,1
CUN,MSP,1
CUN,MTY,2
CUN,MXP,1
CUN,ORD,2
CUN,PHL,2
CUN,PHX,1
CUN,PIT,1
CUN,SAT,1
CUN,SCL,1
CUN,SFO,3
CUN,STL,1
CUN,SVO,1
CUN,VRA,0
CUN,YEG,1
CUN,YUL,3
CUN,YVR,1
CUN,YYC,2
CUN,YYZ,3
CUZ,LIM,6
CVG,ATL,1
CVG,BDL,1
CVG,BNA,1
CVG,BOS,1
CVG,BWI,1
CVG,CDG,2
CVG,CLT,3
CVG,CUN,1
CVG,DEN,2
CVG,DFW,2
CVG,EWR,2
CVG,FLL,1
CVG,GSO,1
CVG,GSP,1
CVG,IAD,2
CVG,IAH,2
CVG,JAX,1
CVG,JFK,2
CVG,LAS,1
CVG,LAX,1
CVG,MCI,1
CVG,MCO,1
CVG,MEM,1
CVG,MIA,1
CVG,MKE,1
CVG,MSP,1
CVG,MSY,1
CVG,ORD,4
CVG,PHL,2
CVG,PIT,1
CVG,RDU,1
CVG,RIC,1
CVG,RSW,1
CVG,SEA,1
CVG,SFO,1
CVG,SLC,2
CVG,STL,1
CVG,TPA,1
CVG,YYZ,4
CWL,ALC,3
CWL,AYT,2
CWL,BCN,2
CWL,CDG,2
CWL,DLM,2
CWL,GLA,2
CWL,LCA,2
CWL,PFO,1
DAD,CAN,1
DAD,HAN,1
DAD,ICN,3
DAD,KUL,1
DAD,MFM,1
DAD,NKG,1
DAD,PEK,1
DAD,REP,2
DAD,SGN,3
DAD,SIN,2
DAM,AMM,1
DAM,AUH,1
DAM,CAI,2
DAM,DXB,2
DAM,IKA,1
DAM,KWI,1
DAM,SHJ,1
DAY,ATL,2
DAY,BWI,1
DAY,CLE,1
DAY,CLT,1
DAY,DEN,3
DAY,DFW,1
DAY,EWR,1
DAY,IAD,1
DAY,JFK,1
DAY,MCO,1
DAY,MSP,1
DAY,ORD,3
DAY,PHL,1
DAY,TPA,1
DEL,ALA,1
DEL,AMM,1
DEL,AUH,2
DEL,BAH,2
DEL,BLR,7
DEL,BOM,7
DEL,CAN,1
DEL,CCU,6
DEL,CDG,2
DEL,CMB,3
DEL,DMM,3
DEL,DOH,2
DEL,DXB,5
DEL,EWR,1
DEL,FCO,2
DEL,FRA,2
DEL,HGH,2
DEL,HKG,3
DEL,HYD,5
DEL,ICN,1
DEL,IST,2
DEL,JED,1
DEL,JFK,1
DEL,KBP,1
DEL,KUL,2
DEL,KWI,1
DEL,MAA,5
DEL,MCT,2
DEL,MUC,2
DEL,MXP,2
DEL,NBO,1
DEL,NRT,2
DEL,ORD,1
DEL,PEK,1
DEL,PVG,2
DEL,RUH,2
DEL,SHJ,1
DEL,SIN,4
DEL,SVO,2
DEL,TPE,2
DEL,VIE,2
DEN,ABQ,4
DEN,AMA,2
DEN,ANC,1
DEN,ATL,6
DEN,AUS,4
DEN,BDL,1
DEN,BHM,1
DEN,BIL,3
DEN,BNA,3
DEN,BOS,4
DEN,BWI,3
DEN,CLE,1
DEN,CLT,2
DEN,CMH,3
DEN,CPR,1
DEN,CUN,3
DEN,CVG,2
DEN,DAY,3
DEN,DFW,7
DEN,DSM,3
DEN,EWR,3
DEN,FLL,3
DEN,FRA,2
DEN,GEG,4
DEN,HNL,2
DEN,HSV,2
DEN,IAD,3
DEN,IAH,4
DEN,ICT,3
DEN,IND,3
DEN,JAX,1
DEN,JFK,2
DEN,KEF,1
DEN,LAS,5
DEN,LAX,6
DEN,LBB,1
DEN,MCI,4
DEN,MCO,4
DEN,MDW,2
DEN,MEM,3
DEN,MIA,1
DEN,MKE,3
DEN,MLI,2
DEN,MSP,5
DEN,MSY,3
DEN,OAK,1
DEN,ONT,3
DEN,ORD,4
DEN,PDX,4
DEN,PHF,1
DEN,PHL,4
DEN,PHX,4
DEN,PIT,3
DEN,PVR,2
DEN,RDU,1
DEN,RFD,1
DEN,RNO,3
DEN,RSW,1
DEN,SAN,4
DEN,SAT,3
DEN,SDF,2
DEN,SEA,6
DEN,SFO,4
DEN,SJC,3
DEN,SJD,2
DEN,SLC,5
DEN,SMF,4
DEN,STL,4
DEN,TPA,3
DEN,TUL,3
DEN,TUS,3
DEN,YEG,2
DEN,YUL,1
DEN,YVR,2
DEN,YWG,2
DEN,YYC,2
DEN,YYZ,2
DFW,ABQ,1
DFW,AMA,1
DFW,ATL,4
DFW,AUS,2
DFW,BDL,1
DFW,BHM,2
DFW,BNA,2
DFW,BNE,2
DFW,BOS,3
DFW,BWI,2
DFW,BZE,1
DFW,CDG,3
DFW,CHS,1
DFW,CLE,3
DFW,CLT,3
DFW,CMH,1
DFW,CRP,1
DFW,CUN,2
DFW,CVG,2
DFW,DAY,1
DFW,DEN,6
DFW,DSM,1
DFW,DXB,1
DFW,EWR,2
DFW,EZE,2
DFW,FLL,2
DFW,FRA,6
DFW,FWA,1
DFW,GDL,1
DFW,GIG,1
DFW,GPT,1
DFW,GRU,1
DFW,GSO,1
DFW,GSP,1
DFW,HNL,1
DFW,HSV,1
DFW,IAD,2
DFW,IAH,4
DFW,ICN,2
DFW,ICT,1
DFW,IND,1
DFW,JAN,1
DFW,JAX,1
DFW,JFK,2
DFW,LAS,3
DFW,LAX,7
DFW,LBB,1
DFW,MAD,3
DFW,MCI,1
DFW,MCO,2
DFW,MEM,2
DFW,MEX,2
DFW,MIA,3
DFW,MKE,1
DFW,MLI,1
DFW,MSP,4
DFW,MSY,2
DFW,MTY,1
DFW,MYR,1
DFW,NRT,2
DFW,ONT,1
DFW,ORD,5
DFW,ORF,1
DFW,PBI,1
DFW,PDX,4
DFW,PHL,3
DFW,PHX,2
DFW,PIT,1
DFW,PVR,1
DFW,RDU,1
DFW,RIC,1
DFW,RNO,1
DFW,RSW,1
DFW,SAN,3
DFW,SAT,2
DFW,SAV,1
DFW,SCL,2
DFW,SDF,1
DFW,SEA,3
DFW,SFO,5
DFW,SJC,1
DFW,SJD,1
DFW,SJU,1
DFW,SLC,2
DFW,SMF,2
DFW,STL,1
DFW,SYD,0
DFW,TPA,4
DFW,TUL,1
DFW,TUS,1
DFW,YUL,2
DFW,YVR,2
DFW,YYC,2
DFW,YYZ,4
DKR,CDG,2
DKR,CMN,1
DKR,DXB,1
DKR,IAD,2
DKR,IST,1
DKR,JFK,1
DKR,JNB,2
DKR,LOS,1
DKR,MAD,2
DKR,MXP,1
DKR,TUN,1
DLC,CAN,3
DLC,CGO,4
DLC,CJU,1
DLC,CKG,3
DLC,CSX,2
DLC,CTU,3
DLC,HGH,6
DLC,HKG,2
DLC,HRB,8
DLC,ICN,4
DLC,KIX,3
DLC,NGB,5
DLC,NGO,1
DLC,NKG,7
DLC,NRT,5
DLC,PEK,6
DLC,PVG,5
DLC,SHE,1
DLC,SYX,1
DLC,SZX,4
DLC,TPE,4
DLC,TSN,3
DLC,WUH,3
DLC,XIY,5
DLC,XMN,1
DLH,LAS,1
DLH,MSP,1
DLH,ORD,1
DLM,BFS,0
DLM,BJV,1
DLM,BRS,3
DLM,CWL,2
DLM,DUS,2
DLM,EXT,1
DLM,FRA,2
DLM,GLA,3
DLM,HAJ,2
DLM,IST,2
DLM,LBA,1
DLM,MUC,2
DLM,SAW,2
DLM,SXF,1
DLM,TXL,1
DLM,VIE,1
DME,AER,5
DME,ALA,1
DME,ALC,1
DME,AMM,2
DME,ATH,1
DME,AUH,3
DME,BCN,4
DME,CAI,1
DME,CUN,1
DME,DOH,1
DME,DOK,1
DME,DUS,2
DME,DXB,2
DME,EVN,3
DME,FRA,4
DME,FRU,3
DME,GVA,1
DME,GYD,2
DME,HAN,1
DME,HER,1
DME,HKG,1
DME,HRG,1
DME,IAH,2
DME,JFK,1
DME,KBP,3
DME,KUF,3
DME,LAX,1
DME,MAD,3
DME,MIA,1
DME,MLA,1
DME,MLE,1
DME,MSQ,3
DME,MUC,3
DME,NRT,1
DME,ODS,4
DME,PEK,1
DME,PFO,1
DME,RIX,2
DME,SGN,2
DME,SHJ,1
DME,SIN,2
DME,SIP,5
DME,SKG,2
DME,SYX,1
DME,TBS,1
DME,TLV,3
DME,TSE,1
DME,TUN,1
DME,TXL,2
DME,UFA,4
DME,VCE,1
DME,VIE,4
DME,VNO,1
DME,VRA,1
DME,YYZ,1
DMM,AMM,1
DMM,AUH,2
DMM,BAH,4
DMM,BEY,3
DMM,BLR,1
DMM,BOM,2
DMM,CAI,2
DMM,CMB,2
DMM,DEL,3
DMM,DOH,1
DMM,DXB,3
DMM,FRA,1
DMM,HYD,1
DMM,ISB,3
DMM,IST,1
DMM,JED,2
DMM,KRT,1
DMM,KWI,5
DMM,MAA,1
DMM,MCT,1
DMM,MHD,1
DMM,MNL,1
DMM,RUH,3
DMM,SHJ,1
DOH,AMM,2
DOH,ATH,1
DOH,AUH,2
DOH,BAH,10
DOH,BCN,1
DOH,BEY,2
DOH,BLR,1
DOH,BOM,3
DOH,BUD,1
DOH,CAI,2
DOH,CAN,1
DOH,CCU,1
DOH,CDG,1
DOH,CGK,1
DOH,CKG,1
DOH,CMB,2
DOH,DEL,2
DOH,DME,1
DOH,DMM,1
DOH,DXB,5
DOH,ESB,1
DOH,FCO,1
DOH,FRA,5
DOH,GRU,1
DOH,GVA,1
DOH,GYD,2
DOH,HKG,1
DOH,HYD,1
DOH,IAD,1
DOH,IAH,2
DOH,ICN,2
DOH,IKA,1
DOH,ISB,1
DOH,IST,2
DOH,JED,2
DOH,JFK,1
DOH,JNB,1
DOH,KIX,2
DOH,KRT,2
DOH,KUL,2
DOH,KWI,3
DOH,LOS,1
DOH,MAA,1
DOH,MAD,1
DOH,MCT,5
DOH,MEL,1
DOH,MHD,1
DOH,MLE,1
DOH,MNL,2
DOH,MUC,1
DOH,MXP,1
DOH,NBO,1
DOH,OTP,1
DOH,PEK,1
DOH,PER,1
DOH,PVG,1
DOH,RGN,1
DOH,RUH,3
DOH,SHJ,1
DOH,SIN,1
DOH,SYZ,2
DOH,TUN,1
DOH,TXL,1
DOH,VCE,1
DOH,VIE,1
DOH,YUL,1
DOK,DME,1
DOK,DXB,1
DOK,GYD,1
DOK,IST,2
DOK,KBP,3
DOK,LCA,1
DOK,MUC,1
DOK,PRG,1
DOK,SAW,1
DOK,SHJ,1
DOK,SVO,2
DOK,TBS,1
DOK,TLV,1
DPS,BNE,1
DPS,CGK,5
DPS,HKG,3
DPS,HND,1
DPS,ICN,2
DPS,KIX,1
DPS,KUL,3
DPS,MEL,4
DPS,MNL,1
DPS,NRT,1
DPS,PER,5
DPS,PVG,1
DPS,SIN,8
DPS,SUB,4
DPS,SYD,3
DPS,TPE,3
DPS,UPG,2
DSM,ATL,1
DSM,CLT,1
DSM,DEN,3
DSM,DFW,1
DSM,EWR,1
DSM,IAH,1
DSM,LAS,1
DSM,MDW,1
DSM,MEM,1
DSM,MSP,1
DSM,ORD,3
DSM,PHX,1
DSM,SFB,1
DUS,ADB,2
DUS,ALC,1
DUS,ATH,2
DUS,ATL,3
DUS,AUH,2
DUS,AYT,4
DUS,BCN,3
DUS,BJV,1
DUS,BRI,3
DUS,BUD,1
DUS,CDG,3
DUS,CUN,1
DUS,DLM,2
DUS,DME,2
DUS,DXB,1
DUS,ESB,2
DUS,EWR,2
DUS,FCO,4
DUS,FRA,2
DUS,GVA,2
DUS,HAJ,1
DUS,HER,3
DUS,HRG,3
DUS,IST,2
DUS,JFK,3
DUS,KBP,1
DUS,KRK,2
DUS,LAS,2
DUS,LAX,2
DUS,LBA,1
DUS,LCA,1
DUS,LUX,2
DUS,MAD,4
DUS,MBA,1
DUS,MIA,4
DUS,MLA,2
DUS,MUC,2
DUS,MXP,3
DUS,NAP,3
DUS,NCE,2
DUS,ORD,2
DUS,OTP,1
DUS,PEK,2
DUS,PRG,2
DUS,RIX,2
DUS,RSW,3
DUS,SAW,3
DUS,SFO,2
DUS,SKG,3
DUS,SVO,2
DUS,TLV,1
DUS,TRN,1
DUS,TUN,1
DUS,TXL,2
DUS,VCE,3
DUS,VIE,3
DUS,VRA,1
DUS,VRN,2
DUS,YVR,2
DVO,CEB,3
DVO,CRK,3
DVO,MNL,5
DVO,SIN,1
DXB,ACC,1
DXB,AMM,3
DXB,ATH,1
DXB,ATL,1
DXB,AUH,1
DXB,BAH,4
DXB,BCN,1
DXB,BEY,3
DXB,BLR,1
DXB,BNE,1
DXB,BOM,5
DXB,BSR,2
DXB,BWN,1
DXB,CAI,3
DXB,CAN,3
DXB,CCU,1
DXB,CDG,3
DXB,CGK,2
DXB,CMB,4
DXB,CMN,1
DXB,CPT,2
DXB,DAM,2
DXB,DEL,5
DXB,DFW,1
DXB,DKR,1
DXB,DME,2
DXB,DMM,3
DXB,DOH,4
DXB,DOK,1
DXB,DUS,1
DXB,EVN,2
DXB,FCO,1
DXB,FRA,2
DXB,FRU,2
DXB,GIG,1
DXB,GLA,1
DXB,GRU,1
DXB,GVA,1
DXB,GYD,2
DXB,HKG,2
DXB,HRK,1
DXB,HYD,4
DXB,IAD,2
DXB,IAH,1
DXB,ICN,2
DXB,IKA,3
DXB,ISB,3
DXB,IST,2
DXB,JED,6
DXB,JFK,1
DXB,JNB,2
DXB,KBP,3
DXB,KIX,2
DXB,KMG,1
DXB,KRT,3
DXB,KUF,1
DXB,KUL,2
DXB,KWI,4
DXB,LAX,1
DXB,LCA,1
DXB,LOS,1
DXB,MAA,3
DXB,MAD,1
DXB,MBA,1
DXB,MCT,5
DXB,MEL,1
DXB,MHD,1
DXB,MLE,1
DXB,MNL,2
DXB,MUC,2
DXB,MXP,1
DXB,NBO,3
DXB,NCE,1
DXB,NRT,2
DXB,OTP,2
DXB,PEK,5
DXB,PER,1
DXB,PRG,2
DXB,PVG,1
DXB,RUH,5
DXB,SAW,2
DXB,SEA,1
DXB,SFO,1
DXB,SGN,1
DXB,SIN,3
DXB,SVO,2
DXB,SYD,1
DXB,SYZ,2
DXB,TBS,1
DXB,TUN,2
DXB,UFA,1
DXB,VCE,1
DXB,VIE,2
DXB,YYZ,1
ERI,CLE,1
ERI,PHL,1
ERZ,ADB,1
ERZ,ESB,1
ERZ,IST,2
ERZ,SAW,1
ESB,ADB,2
ESB,AYT,1
ESB,BJV,2
ESB,DOH,1
ESB,DUS,2
ESB,ERZ,1
ESB,FRA,1
ESB,GYD,1
ESB,GZT,1
ESB,IKA,2
ESB,IST,1
ESB,MUC,2
ESB,SAW,2
ESB,TXL,1
ESB,TZX,1
ESB,VIE,3
EVN,AER,3
EVN,ATH,1
EVN,BEY,1
EVN,CDG,2
EVN,DME,3
EVN,DXB,2
EVN,FCO,2
EVN,IKA,2
EVN,IST,1
EVN,KBP,2
EVN,KUF,3
EVN,MSQ,1
EVN,PRG,2
EVN,SIP,1
EVN,SVO,1
EVN,TLV,1
EVN,VIE,2
EWR,ATL,2
EWR,AUS,1
EWR,BCN,2
EWR,BDL,1
EWR,BFS,2
EWR,BNA,1
EWR,BOG,1
EWR,BOM,2
EWR,BOS,3
EWR,BUF,1
EWR,BWI,2
EWR,CDG,2
EWR,CHS,1
EWR,CLE,1
EWR,CLT,2
EWR,CMH,1
EWR,CUN,1
EWR,CVG,2
EWR,DAY,1
EWR,DEL,1
EWR,DEN,3
EWR,DFW,2
EWR,DSM,1
EWR,DUS,2
EWR,EZE,1
EWR,FCO,4
EWR,FLL,2
EWR,FRA,2
EWR,GCM,1
EWR,GLA,2
EWR,GRU,1
EWR,GSO,1
EWR,GSP,1
EWR,GVA,2
EWR,HKG,1
EWR,HNL,1
EWR,IAD,2
EWR,IAH,2
EWR,IND,1
EWR,IST,1
EWR,JAX,1
EWR,LAS,1
EWR,LAX,2
EWR,LIM,1
EWR,MAD,2
EWR,MCI,1
EWR,MCO,2
EWR,MDW,1
EWR,MEM,1
EWR,MEX,1
EWR,MIA,2
EWR,MKE,1
EWR,MSP,2
EWR,MSY,1
EWR,MUC,2
EWR,MXP,2
EWR,MYR,1
EWR,NAS,1
EWR,NRT,2
EWR,ORD,3
EWR,ORF,1
EWR,PBI,2
EWR,PDX,1
EWR,PEK,1
EWR,PHL,2
EWR,PHX,3
EWR,PIT,1
EWR,PVG,1
EWR,PVR,1
EWR,PWM,1
EWR,RDU,1
EWR,RIC,1
EWR,ROC,1
EWR,RSW,2
EWR,SAN,1
EWR,SAT,1
EWR,SAV,1
EWR,SDF,1
EWR,SDQ,1
EWR,SEA,4
EWR,SFO,2
EWR,SIN,2
EWR,SJD,1
EWR,SJU,2
EWR,SLC,1
EWR,STL,2
EWR,SXM,1
EWR,SYR,1
EWR,TLV,2
EWR,TPA,2
EWR,TUL,1
EWR,TXL,2
EWR,YHZ,1
EWR,YOW,1
EWR,YQB,1
EWR,YUL,2
EWR,YVR,3
EWR,YYC,2
EWR,YYZ,2
EXT,ALC,1
EXT,BJV,1
EXT,CDG,2
EXT,DLM,1
EXT,GLA,1
EXT,LCA,1
EXT,PFO,1
EZE,ATL,1
EZE,BCN,1
EZE,BOG,2
EZE,CDG,1
EZE,CUN,1
EZE,DFW,2
EZE,EWR,1
EZE,FCO,2
EZE,FLN,1
EZE,FRA,1
EZE,GIG,5
EZE,GRU,7
EZE,HAV,0
EZE,IAH,1
EZE,JFK,2
EZE,JNB,1
EZE,LIM,3
EZE,MAD,3
EZE,MEX,1
EZE,MIA,3
EZE,MVD,1
EZE,SCL,3
EZE,SYD,1
FAI,ANC,2
FAI,SEA,1
FCO,ACC,0
FCO,AMM,3
FCO,ATH,4
FCO,ATL,2
FCO,BAH,1
FCO,BCN,3
FCO,BEY,2
FCO,BOS,2
FCO,BRI,1
FCO,BRS,1
FCO,BUD,2
FCO,CAI,2
FCO,CDG,4
FCO,CLT,1
FCO,CMB,1
FCO,CMN,2
FCO,DEL,2
FCO,DOH,1
FCO,DUS,4
FCO,DXB,1
FCO,EVN,2
FCO,EWR,4
FCO,EZE,2
FCO,FRA,4
FCO,GIG,1
FCO,GLA,1
FCO,GRU,1
FCO,GVA,3
FCO,GYD,2
FCO,HAJ,1
FCO,HAV,3
FCO,HKG,1
FCO,IAD,1
FCO,ICN,2
FCO,IKA,1
FCO,IST,2
FCO,JED,2
FCO,JFK,4
FCO,KBP,3
FCO,KIX,1
FCO,KWI,2
FCO,LAX,2
FCO,LBA,1
FCO,LCA,2
FCO,LOS,1
FCO,LUX,2
FCO,MAD,4
FCO,MBA,1
FCO,MIA,2
FCO,MLA,3
FCO,MLE,2
FCO,MSQ,1
FCO,MUC,3
FCO,MXP,7
FCO,NAP,1
FCO,NCE,4
FCO,NRT,1
FCO,ORD,5
FCO,OTP,2
FCO,PEK,3
FCO,PHL,1
FCO,PMO,3
FCO,PRG,4
FCO,PSA,1
FCO,PVG,2
FCO,RIX,2
FCO,RUH,2
FCO,SAW,2
FCO,SIN,1
FCO,SVO,2
FCO,SXF,1
FCO,TBS,1
FCO,TIA,2
FCO,TIP,2
FCO,TLS,3
FCO,TLV,3
FCO,TRN,4
FCO,TUN,2
FCO,TXL,3
FCO,VCE,2
FCO,VIE,4
FCO,VNO,1
FCO,VRN,2
FCO,YUL,1
FCO,YYZ,6
FLL,ATL,3
FLL,AUS,2
FLL,BDL,2
FLL,BNA,1
FLL,BOG,4
FLL,BOS,2
FLL,BUF,2
FLL,BWI,3
FLL,CLE,1
FLL,CLT,2
FLL,CUN,2
FLL,CVG,1
FLL,DEN,3
FLL,DFW,2
FLL,EWR,2
FLL,FRA,1
FLL,GSP,1
FLL,IAH,2
FLL,JAX,1
FLL,JFK,2
FLL,KIN,2
FLL,LAS,2
FLL,LAX,4
FLL,LIM,1
FLL,MCI,1
FLL,MCO,2
FLL,MDW,1
FLL,MEM,1
FLL,MKE,1
FLL,MSP,1
FLL,MSY,1
FLL,MYR,1
FLL,NAS,3
FLL,ORD,3
FLL,PHL,3
FLL,PHX,2
FLL,PIT,1
FLL,RDU,2
FLL,RIC,1
FLL,SDQ,2
FLL,SEA,1
FLL,SFO,2
FLL,SJU,3
FLL,STL,1
FLL,SXM,1
FLL,TPA,3
FLL,YUL,3
FLL,YYZ,4
FLN,BSB,2
FLN,CGH,3
FLN,CNF,1
FLN,EZE,1
FLN,GIG,4
FLN,GRU,4
FMO,ADB,1
FMO,AYT,1
FMO,FRA,1
FMO,HRG,1
FMO,MUC,1
FOC,CAN,4
FOC,CGO,2
FOC,CKG,3
FOC,CSX,4
FOC,CTU,3
FOC,HAK,2
FOC,HGH,1
FOC,HKG,4
FOC,KHH,3
FOC,KIX,2
FOC,KMG,2
FOC,KWL,2
FOC,MFM,1
FOC,NKG,6
FOC,NNG,4
FOC,NRT,1
FOC,PEK,5
FOC,PVG,2
FOC,SHA,4
FOC,SIN,2
FOC,SYX,2
FOC,SZX,5
FOC,TPE,2
FOC,TSN,1
FOC,WUH,2
FOC,XIY,3
FOC,XMN,1
FRA,ABV,1
FRA,ACC,1
FRA,ADB,1
FRA,ALA,1
FRA,ALC,1
FRA,AMM,3
FRA,ATH,2
FRA,ATL,5
FRA,AUH,4
FRA,AYT,3
FRA,BAH,1
FRA,BCN,2
FRA,BEY,2
FRA,BJV,1
FRA,BLR,2
FRA,BOG,2
FRA,BOM,2
FRA,BOS,2
FRA,BUD,1
FRA,BWI,1
FRA,CAI,2
FRA,CDG,2
FRA,CLT,2
FRA,CMB,1
FRA,CMN,2
FRA,CUN,1
FRA,DEL,2
FRA,DEN,2
FRA,DFW,6
FRA,DLM,2
FRA,DME,4
FRA,DMM,1
FRA,DOH,5
FRA,DUS,1
FRA,DXB,2
FRA,ESB,1
FRA,EWR,2
FRA,EZE,1
FRA,FCO,4
FRA,FLL,0
FRA,FMO,1
FRA,GIG,2
FRA,GRU,2
FRA,GVA,3
FRA,GYD,3
FRA,HAJ,1
FRA,HAN,2
FRA,HAV,1
FRA,HER,2
FRA,HKG,2
FRA,HND,2
FRA,HRG,2
FRA,IAD,2
FRA,IAH,2
FRA,ICN,3
FRA,IKA,2
FRA,IST,2
FRA,JED,3
FRA,JFK,7
FRA,JNB,2
FRA,KBP,3
FRA,KEF,1
FRA,KIX,2
FRA,KRK,2
FRA,KRT,6
FRA,KUF,1
FRA,KUL,1
FRA,KWI,2
FRA,LAS,1
FRA,LAX,2
FRA,LCA,4
FRA,LOS,3
FRA,LUX,1
FRA,MAA,2
FRA,MAD,5
FRA,MBA,1
FRA,MCO,2
FRA,MCT,1
FRA,MEX,1
FRA,MIA,2
FRA,MLA,2
FRA,MLE,1
FRA,MSQ,2
FRA,MUC,4
FRA,MXP,1
FRA,NAP,2
FRA,NBO,1
FRA,NCE,1
FRA,NGO,2
FRA,NKG,2
FRA,NRT,3
FRA,ORD,2
FRA,OTP,3
FRA,PEK,2
FRA,PHL,2
FRA,PMO,1
FRA,PRG,2
FRA,PVG,3
FRA,RIX,3
FRA,RUH,2
FRA,SAW,1
FRA,SDQ,1
FRA,SEA,3
FRA,SFO,3
FRA,SGN,2
FRA,SHE,2
FRA,SIN,6
FRA,SJU,1
FRA,SKG,3
FRA,SVO,1
FRA,TIP,1
FRA,TLS,1
FRA,TLV,2
FRA,TPE,1
FRA,TRN,1
FRA,TSE,3
FRA,TUN,2
FRA,TXL,4
FRA,VCE,2
FRA,VIE,4
FRA,VNO,2
FRA,VRA,1
FRA,VRN,1
FRA,YHZ,1
FRA,YOW,3
FRA,YUL,3
FRA,YVR,3
FRA,YYC,4
FRA,YYZ,4
FRU,ALA,2
FRU,DME,3
FRU,DXB,2
FRU,ICN,1
FRU,IST,1
FRU,MHD,1
FRU,SVO,3
FWA,ATL,1
FWA,DFW,1
FWA,MSP,1
FWA,ORD,3
FWA,SFB,1
GCM,ATL,1
GCM,CLT,2
GCM,EWR,1
GCM,HAV,1
GCM,IAH,1
GCM,JFK,1
GCM,KIN,1
GCM,MIA,2
GCM,NAS,1
GCM,TPA,1
GCM,YYZ,2
GDL,ATL,3
GDL,CUN,2
GDL,DFW,1
GDL,IAH,1
GDL,LAS,1
GDL,LAX,7
GDL,MDW,1
GDL,MEX,4
GDL,MTY,5
GDL,OAK,1
GDL,ONT,2
GDL,ORD,2
GDL,PHX,1
GDL,PVR,1
GDL,SFO,2
GDL,SJC,3
GDL,SJD,3
GDL,SMF,2
GDL,TIJ,3
GEG,DEN,4
GEG,LAS,1
GEG,MSP,1
GEG,OAK,1
GEG,PDX,3
GEG,PHX,2
GEG,SEA,1
GEG,SFO,1
GEG,SLC,1
GIG,ATL,1
GIG,BOG,1
GIG,BSB,2
GIG,CDG,2
GIG,CGH,2
GIG,CLT,1
GIG,CNF,3
GIG,DFW,1
GIG,DXB,1
GIG,EZE,5
GIG,FCO,1
GIG,FLN,5
GIG,FRA,2
GIG,GRU,7
GIG,IAH,1
GIG,JFK,3
GIG,LIM,1
GIG,MAD,1
GIG,MIA,3
GIG,SCL,2
GLA,ALC,4
GLA,AYT,1
GLA,BCN,1
GLA,BFS,1
GLA,BJV,2
GLA,BRS,1
GLA,CDG,1
GLA,CUN,1
GLA,CWL,2
GLA,DLM,3
GLA,DXB,1
GLA,EWR,2
GLA,EXT,1
GLA,FCO,1
GLA,HER,3
GLA,KEF,1
GLA,LBA,1
GLA,LCA,1
GLA,MCO,1
GLA,MLA,1
GLA,NAP,1
GLA,PFO,3
GLA,PHL,1
GLA,SFB,1
GLA,SXF,1
GLA,YYC,1
GLA,YYZ,1
GMP,CJU,7
GMP,HND,4
GMP,KIX,5
GMP,NGO,1
GMP,PEK,4
GMP,PUS,3
GMP,SHA,4
GPT,ATL,1
GPT,CLT,2
GPT,DFW,1
GPT,IAH,1
GRB,CLE,1
GRB,MSP,1
GRB,ORD,3
GRU,ATL,1
GRU,BCN,2
GRU,BOG,2
GRU,BSB,5
GRU,CDG,2
GRU,CNF,7
GRU,DFW,1
GRU,DOH,1
GRU,DXB,1
GRU,EWR,1
GRU,EZE,6
GRU,FCO,1
GRU,FLN,5
GRU,FRA,2
GRU,GIG,7
GRU,IAD,3
GRU,IAH,1
GRU,IST,1
GRU,JFK,4
GRU,JNB,1
GRU,LAX,1
GRU,LIM,4
GRU,MAD,3
GRU,MCO,2
GRU,MEX,2
GRU,MIA,3
GRU,MUC,2
GRU,MVD,2
GRU,MXP,1
GRU,ORD,2
GRU,SCL,2
GRU,YYZ,2
GSO,ATL,1
GSO,CLT,1
GSO,CVG,1
GSO,DFW,1
GSO,EWR,1
GSO,IAD,1
GSO,JFK,1
GSO,MIA,1
GSO,ORD,2
GSO,PHL,2
GSO,SFB,1
GSP,ATL,1
GSP,BNA,1
GSP,BWI,1
GSP,CLE,1
GSP,CLT,1
GSP,CVG,1
GSP,DFW,1
GSP,EWR,1
GSP,FLL,1
GSP,IAD,1
GSP,IAH,1
GSP,MCO,1
GSP,MDW,1
GSP,ORD,2
GSP,PHL,1
GSP,SFB,1
GUM,HKG,1
GUM,HNL,1
GUM,ICN,3
GUM,KIX,4
GUM,MNL,2
GUM,NGO,3
GUM,NRT,4
GUM,TPE,2
GVA,ALC,1
GVA,AMM,1
GVA,ATH,2
GVA,AUH,3
GVA,AYT,1
GVA,BCN,2
GVA,BEY,1
GVA,BRS,1
GVA,BUD,1
GVA,CAI,2
GVA,CDG,2
GVA,CMN,1
GVA,DME,1
GVA,DOH,1
GVA,DUS,2
GVA,DXB,1
GVA,EWR,2
GVA,FCO,3
GVA,FRA,3
GVA,HER,1
GVA,HRG,1
GVA,IAD,2
GVA,IST,2
GVA,JED,1
GVA,JFK,2
GVA,KBP,1
GVA,LCA,1
GVA,LUX,1
GVA,MAD,6
GVA,MLA,1
GVA,MUC,2
GVA,MXP,1
GVA,NAP,1
GVA,NCE,2
GVA,PRG,3
GVA,RUH,1
GVA,SVO,1
GVA,SXF,1
GVA,TLS,1
GVA,TLV,3
GVA,TUN,1
GVA,TXL,2
GVA,VCE,3
GVA,VIE,2
GVA,YUL,4
GYD,ALA,1
GYD,CDG,2
GYD,DME,2
GYD,DOH,2
GYD,DOK,1
GYD,DXB,2
GYD,ESB,1
GYD,FCO,2
GYD,FRA,3
GYD,IKA,2
GYD,IST,2
GYD,KBP,2
GYD,KUF,1
GYD,MSQ,2
GYD,MXP,2
GYD,PRG,2
GYD,SAW,1
GYD,SVO,1
GYD,TBS,3
GYD,TBZ,1
GYD,TLV,1
GYD,TSE,1
GYD,UFA,1
GYD,VIE,2
GZT,ADB,1
GZT,ESB,1
GZT,IST,2
GZT,SAW,1
HAJ,ADB,2
HAJ,AYT,4
HAJ,BCN,1
HAJ,CDG,2
HAJ,DLM,2
HAJ,DUS,0
HAJ,FCO,1
HAJ,FRA,1
HAJ,HER,3
HAJ,HRG,1
HAJ,IST,1
HAJ,MSQ,1
HAJ,MUC,2
HAJ,MXP,1
HAJ,NAP,1
HAJ,SAW,1
HAJ,SVO,1
HAJ,VIE,4
HAK,CAN,5
HAK,CGO,3
HAK,CKG,4
HAK,CSX,3
HAK,CTU,3
HAK,FOC,2
HAK,HGH,4
HAK,HKG,2
HAK,KHH,1
HAK,KMG,4
HAK,KWL,1
HAK,NGB,3
HAK,NKG,4
HAK,NNG,4
HAK,PEK,5
HAK,PVG,6
HAK,SHA,2
HAK,SIN,3
HAK,SZX,4
HAK,TPE,3
HAK,WNZ,2
HAK,WUH,2
HAK,XIY,1
HAK,XMN,4
HAN,CAN,2
HAN,CDG,3
HAN,DAD,1
HAN,DME,1
HAN,FRA,2
HAN,HKG,5
HAN,ICN,3
HAN,KHH,3
HAN,KIX,2
HAN,KUL,4
HAN,MNL,1
HAN,NGO,2
HAN,NRT,2
HAN,PEK,2
HAN,PUS,3
HAN,PVG,2
HAN,REP,1
HAN,RGN,1
HAN,SGN,3
HAN,SIN,5
HAN,SVO,1
HAN,TPE,3
HAV,BOG,3
HAV,CDG,1
HAV,CUN,2
HAV,EZE,1
HAV,FCO,0
HAV,FRA,1
HAV,GCM,1
HAV,LIM,2
HAV,MAD,3
HAV,MEX,3
HAV,MXP,1
HAV,NAS,2
HAV,SDQ,1
HAV,SVO,2
HAV,YUL,1
HAV,YYZ,1
HER,ATH,4
HER,BRS,2
HER,CDG,1
HER,DME,1
HER,DUS,3
HER,FRA,2
HER,GLA,2
HER,GVA,1
HER,HAJ,3
HER,LCA,2
HER,LUX,1
HER,MUC,4
HER,MXP,1
HER,PRG,1
HER,RIX,2
HER,SKG,2
HER,SXF,3
HER,TIA,1
HER,TXL,1
HER,VIE,1
HER,VNO,1
HGH,CAN,7
HGH,CGO,4
HGH,CJJ,1
HGH,CJU,1
HGH,CKG,5
HGH,CSX,6
HGH,CTU,5
HGH,DEL,2
HGH,DLC,5
HGH,FOC,1
HGH,HAK,4
HGH,HKG,7
HGH,HRB,5
HGH,ICN,2
HGH,KHH,2
HGH,KIX,2
HGH,KMG,8
HGH,KUL,1
HGH,KWL,7
HGH,MFM,4
HGH,NNG,2
HGH,NRT,2
HGH,PEK,6
HGH,PUS,2
HGH,SHE,5
HGH,SIN,1
HGH,SYX,7
HGH,SZX,7
HGH,TPE,3
HGH,TSN,4
HGH,WUH,3
HGH,XIY,8
HGH,XMN,6
HKG,AKL,3
HKG,ALA,1
HKG,AUH,1
HKG,BAH,1
HKG,BLR,2
HKG,BNE,2
HKG,BOM,2
HKG,BWN,2
HKG,CAN,3
HKG,CDG,3
HKG,CEB,4
HKG,CGK,3
HKG,CGO,1
HKG,CJU,2
HKG,CKG,5
HKG,CNX,1
HKG,CRK,5
HKG,CSX,2
HKG,CTU,6
HKG,DEL,3
HKG,DLC,2
HKG,DME,1
HKG,DOH,1
HKG,DPS,3
HKG,DXB,2
HKG,EWR,1
HKG,FCO,1
HKG,FOC,4
HKG,FRA,2
HKG,GUM,1
HKG,HAK,2
HKG,HAN,5
HKG,HGH,7
HKG,HND,3
HKG,HRB,1
HKG,ICN,7
HKG,IST,1
HKG,JFK,2
HKG,JNB,2
HKG,KHH,4
HKG,KIX,6
HKG,KMG,5
HKG,KUL,3
HKG,KWL,4
HKG,LAX,2
HKG,MAA,1
HKG,MEL,2
HKG,MNL,4
HKG,MUC,1
HKG,MXP,1
HKG,NGB,4
HKG,NGO,3
HKG,NKG,6
HKG,NNG,2
HKG,NRT,6
HKG,ORD,4
HKG,PEK,6
HKG,PER,2
HKG,PNH,1
HKG,POM,1
HKG,PUS,4
HKG,PVG,8
HKG,RUH,1
HKG,SFO,6
HKG,SGN,3
HKG,SHA,6
HKG,SHE,1
HKG,SIN,7
HKG,SUB,1
HKG,SVO,1
HKG,SYD,4
HKG,SYX,4
HKG,TLV,1
HKG,TPE,6
HKG,TSN,5
HKG,WNZ,1
HKG,WUH,4
HKG,XIY,4
HKG,XMN,4
HKG,YVR,4
HKG,YYZ,2
HND,CDG,2
HND,DPS,1
HND,FRA,2
HND,GMP,4
HND,HKG,3
HND,HNL,6
HND,ICN,3
HND,ITM,2
HND,JFK,2
HND,KIX,3
HND,KUL,1
HND,LAX,4
HND,PEK,4
HND,SFO,2
HND,SHA,5
HND,SIN,3
HNL,AKL,2
HNL,ANC,1
HNL,ATL,1
HNL,DEN,2
HNL,DFW,1
HNL,EWR,1
HNL,GUM,1
HNL,HND,6
HNL,IAD,1
HNL,IAH,1
HNL,ICN,4
HNL,JFK,1
HNL,KIX,4
HNL,LAS,2
HNL,LAX,8
HNL,MNL,2
HNL,NGO,3
HNL,NRT,8
HNL,OAK,2
HNL,ORD,2
HNL,PDX,2
HNL,PHX,3
HNL,PVG,1
HNL,SAN,2
HNL,SEA,3
HNL,SFO,4
HNL,SJC,2
HNL,SLC,1
HNL,SMF,1
HNL,SYD,5
HNL,YVR,3
HRB,CAN,4
HRB,CGO,4
HRB,CSX,2
HRB,CTU,2
HRB,DLC,8
HRB,HGH,5
HRB,HKG,1
HRB,ICN,2
HRB,KIX,1
HRB,NGB,1
HRB,NKG,4
HRB,NRT,1
HRB,PEK,5
HRB,PVG,5
HRB,SHE,1
HRB,SZX,2
HRB,TPE,2
HRB,TSN,2
HRB,WNZ,1
HRB,WUH,2
HRB,XIY,3
HRB,XMN,1
HRG,CAI,1
HRG,DME,1
HRG,DUS,3
HRG,FMO,1
HRG,FRA,3
HRG,GVA,1
HRG,HAJ,1
HRG,IST,1
HRG,MUC,1
HRG,MXP,1
HRG,SVO,2
HRG,TXL,1
HRG,VIE,2
HRG,VRN,1
HRK,DXB,1
HRK,KBP,2
HRK,SAW,1
HRK,SVO,2
HRK,TBS,1
HRK,VIE,2
HSV,ATL,1
HSV,CLT,2
HSV,DEN,2
HSV,DFW,1
HSV,IAD,1
HSV,IAH,1
HSV,ORD,2
HYD,AUH,2
HYD,BLR,5
HYD,BOM,5
HYD,CCU,3
HYD,DEL,5
HYD,DMM,1
HYD,DOH,1
HYD,DXB,4
HYD,JED,1
HYD,KUL,2
HYD,MAA,5
HYD,MCT,2
HYD,RUH,1
HYD,SIN,3
IAD,ABQ,1
IAD,ATL,3
IAD,AUS,2
IAD,BDL,1
IAD,BNA,1
IAD,BOG,2
IAD,BOS,3
IAD,BUF,1
IAD,CDG,6
IAD,CHS,1
IAD,CLE,2
IAD,CLT,2
IAD,CMH,1
IAD,CUN,2
IAD,CVG,2
IAD,DAY,1
IAD,DEN,3
IAD,DFW,2
IAD,DKR,2
IAD,DOH,1
IAD,DXB,2
IAD,EWR,2
IAD,FCO,1
IAD,FRA,2
IAD,GRU,3
IAD,GSO,1
IAD,GSP,1
IAD,GVA,2
IAD,HNL,1
IAD,HSV,1
IAD,IAH,2
IAD,ICN,2
IAD,IND,1
IAD,IST,2
IAD,JAX,1
IAD,JED,1
IAD,JFK,3
IAD,KEF,1
IAD,KWI,1
IAD,LAS,1
IAD,LAX,4
IAD,MAD,2
IAD,MCI,1
IAD,MCO,1
IAD,MDW,1
IAD,MEX,4
IAD,MIA,3
IAD,MSP,2
IAD,MSY,1
IAD,MUC,2
IAD,NRT,3
IAD,OAK,1
IAD,ORD,2
IAD,ORF,1
IAD,PDX,2
IAD,PEK,3
IAD,PHL,1
IAD,PHX,1
IAD,PIT,1
IAD,PWM,1
IAD,RDU,2
IAD,RIC,1
IAD,ROC,1
IAD,RUH,1
IAD,SAN,1
IAD,SAT,2
IAD,SAV,1
IAD,SDF,1
IAD,SEA,2
IAD,SFO,3
IAD,SJU,2
IAD,SLC,1
IAD,SMF,2
IAD,STL,2
IAD,SVO,2
IAD,SYR,1
IAD,TPA,1
IAD,TUL,1
IAD,VIE,2
IAD,YOW,2
IAD,YQB,2
IAD,YUL,2
IAD,YYZ,2
IAH,ABQ,1
IAH,ACA,1
IAH,AMA,1
IAH,ATL,3
IAH,AUS,2
IAH,BHM,1
IAH,BNA,1
IAH,BOG,1
IAH,BOS,2
IAH,BWI,1
IAH,BZE,1
IAH,CDG,3
IAH,CHS,1
IAH,CLE,2
IAH,CLT,2
IAH,CMH,1
IAH,CRP,1
IAH,CUN,1
IAH,CVG,2
IAH,DEN,4
IAH,DFW,4
IAH,DME,2
IAH,DOH,2
IAH,DSM,1
IAH,DXB,1
IAH,EWR,2
IAH,EZE,1
IAH,FLL,2
IAH,FRA,2
IAH,GCM,1
IAH,GDL,1
IAH,GIG,1
IAH,GPT,1
IAH,GRU,1
IAH,GSP,1
IAH,HNL,1
IAH,HSV,1
IAH,IAD,2
IAH,ICT,1
IAH,IND,1
IAH,JAN,1
IAH,JAX,1
IAH,LAS,3
IAH,LAX,3
IAH,LBB,1
IAH,LIM,1
IAH,LOS,1
IAH,MCI,1
IAH,MCO,2
IAH,MEM,2
IAH,MEX,3
IAH,MIA,2
IAH,MKE,1
IAH,MSP,2
IAH,MSY,2
IAH,MTY,2
IAH,NRT,2
IAH,ONT,1
IAH,ORD,5
IAH,ORF,1
IAH,PBI,1
IAH,PDX,1
IAH,PHL,3
IAH,PHX,3
IAH,PIT,1
IAH,PVR,1
IAH,RDU,2
IAH,RIC,1
IAH,RSW,2
IAH,SAN,2
IAH,SAT,2
IAH,SAV,1
IAH,SDF,1
IAH,SEA,4
IAH,SFO,3
IAH,SJC,2
IAH,SJD,1
IAH,SJU,1
IAH,SLC,3
IAH,SMF,2
IAH,STL,1
IAH,TPA,2
IAH,TUL,1
IAH,TUS,1
IAH,YEG,2
IAH,YUL,2
IAH,YVR,1
IAH,YYC,2
IAH,YYZ,2
ICN,AKL,1
ICN,ALA,2
ICN,ATL,2
ICN,AUH,2
ICN,BNE,1
ICN,BOM,1
ICN,CAI,1
ICN,CAN,3
ICN,CDG,3
ICN,CEB,6
ICN,CGK,2
ICN,CGO,2
ICN,CJU,2
ICN,CKG,2
ICN,CNX,1
ICN,CRK,2
ICN,CSX,4
ICN,CTU,3
ICN,DAD,3
ICN,DEL,1
ICN,DFW,2
ICN,DLC,4
ICN,DOH,2
ICN,DPS,2
ICN,DXB,2
ICN,FCO,0
ICN,FRA,3
ICN,FRU,1
ICN,GUM,3
ICN,HAN,3
ICN,HGH,2
ICN,HKG,7
ICN,HND,3
ICN,HNL,4
ICN,HRB,2
ICN,IAD,2
ICN,IST,3
ICN,JFK,5
ICN,KHH,1
ICN,KIX,7
ICN,KMG,2
ICN,KUL,3
ICN,KWL,2
ICN,LAS,2
ICN,LAX,6
ICN,MAD,1
ICN,MEL,1
ICN,MFM,3
ICN,MNL,6
ICN,MUC,1
ICN,MXP,2
ICN,NBO,2
ICN,NGO,6
ICN,NKG,2
ICN,NRT,7
ICN,ORD,4
ICN,PEK,4
ICN,PNH,2
ICN,PRG,2
ICN,PUS,1
ICN,PVG,5
ICN,REP,2
ICN,RGN,1
ICN,SEA,5
ICN,SFO,7
ICN,SGN,4
ICN,SHE,2
ICN,SIN,5
ICN,SVO,2
ICN,SYD,4
ICN,SZX,3
ICN,TLV,1
ICN,TPE,6
ICN,TSN,3
ICN,VIE,1
ICN,WNZ,1
ICN,WUH,2
ICN,XIY,3
ICN,XMN,2
ICN,YVR,3
ICN,YYZ,1
ICT,ATL,2
ICT,DEN,3
ICT,DFW,1
ICT,IAH,1
ICT,LAS,1
ICT,MSP,1
ICT,ORD,3
IKA,AUH,1
IKA,BEY,1
IKA,BOM,1
IKA,DAM,1
IKA,DOH,1
IKA,DXB,3
IKA,ESB,2
IKA,EVN,2
IKA,FCO,1
IKA,FRA,2
IKA,GYD,2
IKA,IST,4
IKA,KUL,2
IKA,KWI,1
IKA,MCT,1
IKA,MSQ,1
IKA,MXP,1
IKA,PEK,1
IKA,SAW,2
IKA,SHJ,1
IKA,SVO,2
IKA,TBS,1
IKA,VIE,2
IND,ATL,2
IND,BOS,1
IND,BWI,1
IND,CLE,1
IND,CLT,2
IND,DEN,3
IND,DFW,1
IND,EWR,1
IND,IAD,1
IND,IAH,1
IND,JFK,2
IND,LAS,1
IND,LAX,1
IND,MCI,1
IND,MCO,2
IND,MDW,1
IND,MEM,1
IND,MIA,1
IND,MSP,1
IND,ORD,3
IND,PHL,2
IND,PHX,2
IND,RDU,1
IND,RSW,1
IND,SLC,1
IND,TPA,2
IND,YYZ,2
ISB,AUH,3
ISB,BAH,1
ISB,BCN,0
ISB,CDG,0
ISB,DMM,2
ISB,DOH,1
ISB,DXB,3
ISB,IST,2
ISB,JED,4
ISB,KWI,1
ISB,LBA,1
ISB,MCT,2
ISB,MXP,1
ISB,PEK,2
ISB,RUH,2
ISB,YYZ,1
IST,ACC,1
IST,ADB,4
IST,AER,1
IST,ALA,2
IST,AMM,2
IST,ATH,3
IST,AUH,3
IST,AYT,3
IST,BAH,2
IST,BCN,1
IST,BEY,2
IST,BJV,3
IST,BOM,2
IST,BSR,1
IST,BUD,1
IST,CAI,2
IST,CAN,2
IST,CDG,2
IST,CMN,2
IST,DEL,2
IST,DKR,0
IST,DLM,2
IST,DMM,1
IST,DOH,2
IST,DOK,2
IST,DUS,2
IST,DXB,2
IST,ERZ,2
IST,ESB,1
IST,EVN,1
IST,EWR,1
IST,FCO,2
IST,FRA,2
IST,FRU,1
IST,GRU,1
IST,GVA,2
IST,GYD,2
IST,GZT,2
IST,HAJ,1
IST,HKG,1
IST,HRG,1
IST,IAD,2
IST,ICN,3
IST,IKA,3
IST,ISB,2
IST,JED,2
IST,JFK,3
IST,JNB,1
IST,KBP,2
IST,KIX,2
IST,KRT,1
IST,KUL,2
IST,KWI,2
IST,LAX,2
IST,LOS,1
IST,MAD,2
IST,MHD,1
IST,MLA,2
IST,MSQ,2
IST,MUC,2
IST,MXP,1
IST,NAP,1
IST,NBO,1
IST,NCE,1
IST,NRT,2
IST,ODS,3
IST,ORD,2
IST,OTP,2
IST,PEK,2
IST,PRG,1
IST,PVG,2
IST,RIX,2
IST,RUH,2
IST,SIN,3
IST,SIP,3
IST,SJJ,2
IST,SKG,1
IST,SVO,1
IST,SYZ,1
IST,TBS,1
IST,TBZ,2
IST,TIA,1
IST,TIP,3
IST,TLS,2
IST,TLV,1
IST,TRN,1
IST,TSE,2
IST,TUN,2
IST,TXL,2
IST,TZX,2
IST,UFA,1
IST,VCE,1
IST,VIE,2
IST,YUL,1
IST,YYZ,1
ITM,HND,2
ITM,NRT,2
JAN,ATL,1
JAN,BWI,1
JAN,CLT,2
JAN,DFW,1
JAN,IAH,1
JAN,MCO,1
JAN,MDW,1
JAN,MEM,1
JAX,ATL,2
JAX,BHM,1
JAX,BNA,1
JAX,BOS,1
JAX,BWI,1
JAX,CLT,2
JAX,CVG,1
JAX,DEN,1
JAX,DFW,1
JAX,EWR,1
JAX,FLL,1
JAX,IAD,1
JAX,IAH,1
JAX,JFK,2
JAX,LAS,1
JAX,MEM,1
JAX,MIA,1
JAX,MSP,1
JAX,ORD,3
JAX,ORF,1
JAX,PHL,1
JAX,SJU,1
JAX,TPA,1
JED,AMM,4
JED,AUH,5
JED,BAH,3
JED,BEY,3
JED,BLR,0
JED,BOM,3
JED,CAI,2
JED,CDG,2
JED,CGK,3
JED,CMB,2
JED,CMN,2
JED,DEL,1
JED,DMM,2
JED,DOH,2
JED,DXB,7
JED,FCO,2
JED,FRA,3
JED,GVA,1
JED,HYD,1
JED,IAD,1
JED,ISB,4
JED,IST,2
JED,JFK,1
JED,JNB,1
JED,KRT,3
JED,KUL,2
JED,KWI,4
JED,MAA,0
JED,MCT,2
JED,MNL,1
JED,MXP,2
JED,NBO,2
JED,RUH,4
JED,SAW,1
JED,SHJ,2
JED,SIN,0
JED,TUN,2
JFK,ACC,1
JFK,AMM,3
JFK,ATH,4
JFK,ATL,1
JFK,AUH,3
JFK,AUS,3
JFK,BCN,5
JFK,BDL,1
JFK,BNA,2
JFK,BOG,3
JFK,BOS,3
JFK,BUF,2
JFK,BWI,2
JFK,CAI,2
JFK,CDG,7
JFK,CHS,1
JFK,CLE,2
JFK,CLT,3
JFK,CMH,2
JFK,CMN,1
JFK,CUN,4
JFK,CVG,2
JFK,DAY,1
JFK,DEL,1
JFK,DEN,2
JFK,DFW,2
JFK,DKR,1
JFK,DME,1
JFK,DOH,1
JFK,DUS,3
JFK,DXB,1
JFK,EZE,2
JFK,FCO,4
JFK,FLL,2
JFK,FRA,7
JFK,GCM,1
JFK,GIG,3
JFK,GRU,4
JFK,GSO,1
JFK,GVA,2
JFK,HKG,2
JFK,HND,2
JFK,HNL,1
JFK,IAD,3
JFK,ICN,5
JFK,IND,2
JFK,IST,3
JFK,JAX,2
JFK,JED,1
JFK,JNB,2
JFK,KBP,1
JFK,KEF,1
JFK,KIN,2
JFK,KIX,1
JFK,KWI,1
JFK,LAS,4
JFK,LAX,8
JFK,LIM,4
JFK,LOS,1
JFK,MAD,6
JFK,MCI,1
JFK,MCO,3
JFK,MEM,1
JFK,MEX,4
JFK,MIA,2
JFK,MKE,1
JFK,MSP,2
JFK,MSY,2
JFK,MUC,2
JFK,MXP,5
JFK,NAS,1
JFK,NCE,2
JFK,NRT,6
JFK,OAK,1
JFK,ORD,3
JFK,ORF,2
JFK,PBI,1
JFK,PDX,3
JFK,PEK,3
JFK,PHL,2
JFK,PHX,3
JFK,PIT,3
JFK,PRG,3
JFK,PVG,2
JFK,PWM,1
JFK,RDU,3
JFK,RIC,1
JFK,RIX,1
JFK,ROC,2
JFK,RSW,1
JFK,RUH,0
JFK,SAN,3
JFK,SAT,3
JFK,SCL,2
JFK,SDF,1
JFK,SDQ,3
JFK,SEA,4
JFK,SFO,7
JFK,SJC,1
JFK,SJU,3
JFK,SLC,2
JFK,SMF,1
JFK,SRQ,1
JFK,STL,1
JFK,SVO,2
JFK,SXM,1
JFK,SYR,2
JFK,TLV,2
JFK,TPA,3
JFK,TPE,1
JFK,TXL,2
JFK,VCE,2
JFK,VIE,2
JFK,YUL,4
JFK,YVR,2
JFK,YYZ,5
JNB,ACC,1
JNB,ATL,1
JNB,AUH,3
JNB,BOM,2
JNB,CAI,2
JNB,CDG,2
JNB,CPT,8
JNB,DKR,2
JNB,DOH,1
JNB,DXB,2
JNB,EZE,1
JNB,FRA,2
JNB,GRU,1
JNB,HKG,2
JNB,IST,1
JNB,JED,1
JNB,JFK,2
JNB,LOS,2
JNB,MUC,2
JNB,NBO,3
JNB,PEK,2
JNB,PER,2
JNB,SIN,3
JNB,SYD,2
JNB,TLV,1
KBP,ALA,2
KBP,AMM,1
KBP,ATH,1
KBP,BCN,2
KBP,BUD,1
KBP,CDG,2
KBP,DEL,1
KBP,DME,3
KBP,DOK,3
KBP,DUS,1
KBP,DXB,3
KBP,EVN,2
KBP,FCO,3
KBP,FRA,3
KBP,GVA,1
KBP,GYD,2
KBP,HRK,2
KBP,IST,2
KBP,JFK,1
KBP,LCA,1
KBP,MAD,2
KBP,MSQ,2
KBP,MUC,1
KBP,MXP,4
KBP,ODS,3
KBP,OTP,1
KBP,PEK,2
KBP,PRG,2
KBP,RIX,2
KBP,SAW,2
KBP,SHJ,1
KBP,SIP,4
KBP,SKG,1
KBP,SVO,2
KBP,TBS,2
KBP,TLV,3
KBP,TSE,2
KBP,TXL,2
KBP,UFA,1
KBP,VIE,2
KBP,VNO,1
KBP,YYZ,1
KEF,ALC,3
KEF,BOS,1
KEF,CDG,1
KEF,DEN,1
KEF,FRA,1
KEF,GLA,1
KEF,IAD,1
KEF,JFK,1
KEF,MSP,1
KEF,MUC,1
KEF,SEA,1
KEF,SFB,1
KEF,SXF,2
KEF,YYZ,1
KHH,CAN,1
KHH,CGO,1
KHH,CKG,1
KHH,CSX,2
KHH,CTU,1
KHH,FOC,3
KHH,HAK,1
KHH,HAN,3
KHH,HGH,2
KHH,HKG,4
KHH,ICN,1
KHH,KIX,1
KHH,KMG,1
KHH,KWL,1
KHH,MFM,3
KHH,MNL,1
KHH,NGB,1
KHH,NNG,2
KHH,NRT,2
KHH,PEK,1
KHH,PVG,2
KHH,SGN,4
KHH,SIN,1
KHH,SZX,1
KHH,TSN,1
KHH,WUH,2
KHH,XMN,3
KIN,FLL,2
KIN,GCM,1
KIN,JFK,2
KIN,MCO,1
KIN,MIA,1
KIN,SXM,1
KIN,YYZ,3
KIX,AKL,2
KIX,CAN,2
KIX,CDG,1
KIX,CJU,3
KIX,DLC,3
KIX,DOH,2
KIX,DPS,1
KIX,DXB,2
KIX,FCO,1
KIX,FOC,2
KIX,FRA,2
KIX,GMP,5
KIX,GUM,4
KIX,HAN,2
KIX,HGH,2
KIX,HKG,6
KIX,HND,3
KIX,HNL,4
KIX,HRB,1
KIX,ICN,7
KIX,IST,2
KIX,JFK,1
KIX,KHH,1
KIX,KUL,3
KIX,MFM,2
KIX,MNL,3
KIX,NRT,3
KIX,PEK,2
KIX,PUS,5
KIX,PVG,5
KIX,SEA,1
KIX,SFO,3
KIX,SGN,2
KIX,SHE,2
KIX,SIN,2
KIX,TPE,8
KMG,CAN,5
KMG,CCU,1
KMG,CGO,4
KMG,CKG,7
KMG,CMB,1
KMG,CNX,1
KMG,CSX,7
KMG,CTU,8
KMG,DXB,1
KMG,FOC,2
KMG,HAK,4
KMG,HGH,7
KMG,HKG,5
KMG,ICN,2
KMG,KHH,1
KMG,KUL,1
KMG,KWL,3
KMG,MDL,1
KMG,NGB,2
KMG,NKG,5
KMG,NNG,6
KMG,PEK,5
KMG,PVG,3
KMG,REP,1
KMG,RGN,2
KMG,SHA,7
KMG,SIN,3
KMG,SYX,3
KMG,SZX,5
KMG,TPE,2
KMG,TSN,4
KMG,WNZ,3
KMG,WUH,6
KMG,XIY,6
KMG,XMN,7
KRK,ALC,1
KRK,BFS,1
KRK,BRS,1
KRK,BUD,1
KRK,CDG,2
KRK,DUS,2
KRK,FRA,2
KRK,LBA,1
KRK,MAD,1
KRK,MLA,1
KRK,MUC,2
KRK,PFO,1
KRK,PSA,1
KRK,SVO,1
KRK,TXL,1
KRK,VIE,2
KRK,VNO,1
KRT,AMM,2
KRT,AUH,3
KRT,BAH,2
KRT,CAI,3
KRT,DMM,1
KRT,DOH,2
KRT,DXB,3
KRT,FRA,6
KRT,IST,1
KRT,JED,3
KRT,NBO,1
KRT,RUH,3
KRT,SHJ,2
KUF,ALA,1
KUF,DME,2
KUF,DXB,1
KUF,EVN,3
KUF,FRA,1
KUF,GYD,1
KUF,LCA,1
KUF,PRG,2
KUF,SVO,1
KUL,AKL,1
KUL,ALA,1
KUL,AUH,2
KUL,BLR,3
KUL,BNE,1
KUL,BOM,2
KUL,BWN,3
KUL,CAN,3
KUL,CCU,1
KUL,CDG,1
KUL,CGK,11
KUL,CMB,4
KUL,CNX,1
KUL,CRK,2
KUL,CTU,1
KUL,DAD,1
KUL,DEL,2
KUL,DOH,2
KUL,DPS,3
KUL,DXB,1
KUL,FRA,1
KUL,HAN,4
KUL,HGH,1
KUL,HKG,3
KUL,HND,1
KUL,HYD,2
KUL,ICN,3
KUL,IKA,2
KUL,IST,2
KUL,JED,2
KUL,KIX,3
KUL,KMG,1
KUL,KWI,1
KUL,KWL,1
KUL,MAA,4
KUL,MCT,1
KUL,MEL,4
KUL,MFM,1
KUL,MLE,1
KUL,MNL,4
KUL,NRT,2
KUL,PEK,3
KUL,PER,2
KUL,PNH,2
KUL,PVG,4
KUL,REP,2
KUL,RGN,3
KUL,RUH,1
KUL,SGN,4
KUL,SIN,8
KUL,SUB,3
KUL,SYD,3
KUL,SZX,1
KUL,TPE,4
KUL,UPG,1
KUL,XMN,3
KWI,AMM,3
KWI,AUH,2
KWI,BAH,5
KWI,BEY,3
KWI,BOM,2
KWI,CAI,3
KWI,CMB,3
KWI,DAM,1
KWI,DEL,1
KWI,DMM,5
KWI,DOH,3
KWI,DXB,4
KWI,FCO,2
KWI,FRA,2
KWI,IAD,1
KWI,IKA,1
KWI,ISB,1
KWI,IST,2
KWI,JED,4
KWI,JFK,1
KWI,KUL,1
KWI,MAA,1
KWI,MCT,1
KWI,MHD,3
KWI,RUH,3
KWI,SAW,1
KWI,SHJ,1
KWI,SYZ,1
KWI,TUN,1
KWL,CAN,2
KWL,CGO,2
KWL,CKG,6
KWL,CTU,5
KWL,FOC,2
KWL,HAK,1
KWL,HGH,7
KWL,HKG,4
KWL,ICN,2
KWL,KHH,1
KWL,KMG,3
KWL,KUL,1
KWL,NGB,2
KWL,NKG,4
KWL,NNG,2
KWL,PEK,4
KWL,PVG,4
KWL,SHA,4
KWL,SYX,2
KWL,SZX,3
KWL,TPE,1
KWL,TSN,1
KWL,WNZ,1
KWL,WUH,1
KWL,XIY,3
KWL,XMN,5
LAS,ABQ,1
LAS,AMA,1
LAS,ATL,3
LAS,AUS,1
LAS,BDL,1
LAS,BHM,1
LAS,BIL,1
LAS,BNA,1
LAS,BOS,1
LAS,BUF,1
LAS,BWI,1
LAS,CLE,1
LAS,CLT,2
LAS,CMH,1
LAS,CVG,1
LAS,DEN,6
LAS,DFW,2
LAS,DLH,1
LAS,DSM,1
LAS,DUS,2
LAS,EWR,1
LAS,FLL,2
LAS,FRA,1
LAS,GDL,1
LAS,GEG,1
LAS,HNL,2
LAS,IAD,1
LAS,IAH,3
LAS,ICN,2
LAS,ICT,1
LAS,IND,1
LAS,JAX,1
LAS,JFK,4
LAS,LAX,9
LAS,LBB,1
LAS,MCI,2
LAS,MCO,2
LAS,MDW,1
LAS,MEM,1
LAS,MEX,3
LAS,MIA,1
LAS,MKE,1
LAS,MLI,1
LAS,MSP,3
LAS,MSY,1
LAS,MTY,3
LAS,OAK,3
LAS,ONT,1
LAS,ORD,5
LAS,PDX,4
LAS,PHL,3
LAS,PHX,2
LAS,PIT,1
LAS,RDU,1
LAS,RFD,1
LAS,RNO,1
LAS,SAN,2
LAS,SAT,1
LAS,SDF,1
LAS,SEA,2
LAS,SFO,4
LAS,SJC,1
LAS,SLC,2
LAS,SMF,1
LAS,STL,1
LAS,TPA,1
LAS,TUL,1
LAS,TUS,1
LAS,YEG,2
LAS,YUL,3
LAS,YVR,6
LAS,YWG,1
LAS,YYC,5
LAS,YYJ,1
LAS,YYZ,5
LAX,ABQ,5
LAX,AKL,2
LAX,ATL,3
LAX,AUS,6
LAX,BNA,3
LAX,BNE,4
LAX,BOS,6
LAX,BWI,3
LAX,CAN,2
LAX,CDG,4
LAX,CLE,1
LAX,CLT,2
LAX,CMH,2
LAX,CUN,3
LAX,CVG,1
LAX,DEN,6
LAX,DFW,5
LAX,DME,1
LAX,DUS,2
LAX,DXB,1
LAX,EWR,2
LAX,FCO,2
LAX,FLL,4
LAX,FRA,2
LAX,GDL,7
LAX,GRU,1
LAX,HKG,2
LAX,HND,4
LAX,HNL,6
LAX,IAD,4
LAX,IAH,2
LAX,ICN,6
LAX,IND,1
LAX,IST,2
LAX,JFK,8
LAX,LAS,8
LAX,LIM,5
LAX,MAD,3
LAX,MCI,3
LAX,MCO,5
LAX,MDW,1
LAX,MEL,4
LAX,MEM,1
LAX,MEX,8
LAX,MIA,3
LAX,MKE,1
LAX,MNL,0
LAX,MSP,4
LAX,MSY,4
LAX,MUC,2
LAX,NRT,10
LAX,OAK,3
LAX,ORD,5
LAX,PDX,6
LAX,PEK,3
LAX,PHL,2
LAX,PHX,6
LAX,PIT,2
LAX,PVG,6
LAX,PVR,2
LAX,RDU,2
LAX,RNO,4
LAX,SAN,5
LAX,SAT,3
LAX,SEA,7
LAX,SFO,9
LAX,SIN,2
LAX,SJC,5
LAX,SJD,4
LAX,SLC,4
LAX,SMF,6
LAX,STL,3
LAX,SVO,2
LAX,SYD,8
LAX,TLV,1
LAX,TPA,1
LAX,TPE,5
LAX,TUL,1
LAX,TUS,4
LAX,TXL,2
LAX,YEG,3
LAX,YUL,1
LAX,YVR,7
LAX,YYC,5
LAX,YYZ,4
LBA,ALC,2
LBA,BCN,2
LBA,BFS,1
LBA,BJV,1
LBA,BRS,1
LBA,BUD,1
LBA,CDG,1
LBA,DLM,2
LBA,DUS,1
LBA,FCO,1
LBA,GLA,1
LBA,ISB,1
LBA,KRK,1
LBA,LCA,2
LBA,MLA,1
LBA,PFO,1
LBA,PRG,1
LBA,PSA,2
LBA,RIX,1
LBA,SXF,1
LBA,VCE,1
LBB,AUS,1
LBB,DEN,1
LBB,DFW,1
LBB,IAH,1
LBB,LAS,1
LCA,AMM,2
LCA,ATH,5
LCA,AUH,3
LCA,BAH,2
LCA,BEY,2
LCA,BFS,0
LCA,BRS,1
LCA,BUD,1
LCA,CAI,1
LCA,CDG,1
LCA,CWL,1
LCA,DOK,1
LCA,DUS,1
LCA,DXB,1
LCA,EXT,0
LCA,FCO,2
LCA,FRA,4
LCA,GLA,0
LCA,GVA,1
LCA,HER,2
LCA,KBP,1
LCA,KUF,1
LCA,LBA,1
LCA,LUX,0
LCA,MLA,2
LCA,MSQ,1
LCA,MUC,3
LCA,MXP,2
LCA,OTP,2
LCA,PFO,4
LCA,PRG,1
LCA,SKG,4
LCA,SVO,2
LCA,SXF,1
LCA,TLV,3
LCA,UFA,1
LCA,VIE,2
LCA,VNO,1
LIM,ATL,1
LIM,BOG,3
LIM,CDG,2
LIM,CUN,2
LIM,CUZ,7
LIM,EWR,1
LIM,EZE,3
LIM,FLL,1
LIM,GIG,1
LIM,GRU,4
LIM,HAV,2
LIM,IAH,1
LIM,JFK,4
LIM,LAX,5
LIM,MAD,3
LIM,MEX,3
LIM,MIA,4
LIM,MVD,1
LIM,SCL,8
LIM,SDQ,1
LIM,SFO,2
LIM,YYZ,1
LOS,ABV,1
LOS,ACC,3
LOS,ATL,1
LOS,AUH,1
LOS,BEY,1
LOS,CAI,1
LOS,CDG,1
LOS,CMN,1
LOS,DKR,1
LOS,DOH,1
LOS,DXB,1
LOS,FCO,0
LOS,FRA,3
LOS,IAH,1
LOS,IST,1
LOS,JFK,1
LOS,JNB,2
LOS,MAD,1
LOS,NBO,1
LTK,SHJ,1
LUX,AYT,1
LUX,BCN,1
LUX,CDG,2
LUX,DUS,2
LUX,FCO,2
LUX,FRA,1
LUX,GVA,1
LUX,HER,1
LUX,LCA,1
LUX,MAD,1
LUX,MLA,0
LUX,MUC,2
LUX,MXP,2
LUX,NAP,1
LUX,NCE,1
LUX,PFO,0
LUX,TXL,2
LUX,VIE,2
MAA,AUH,2
MAA,BAH,1
MAA,BLR,6
MAA,BOM,8
MAA,CCU,5
MAA,CMB,6
MAA,DEL,5
MAA,DMM,0
MAA,DOH,1
MAA,DXB,3
MAA,FRA,2
MAA,HKG,1
MAA,HYD,5
MAA,JED,1
MAA,KUL,4
MAA,KWI,1
MAA,MCT,2
MAA,RUH,0
MAA,SHJ,1
MAA,SIN,5
MAD,ACC,1
MAD,ALC,1
MAD,AMM,2
MAD,ATH,2
MAD,ATL,2
MAD,BCN,3
MAD,BOG,2
MAD,BOS,3
MAD,BRI,1
MAD,BRS,1
MAD,BUD,2
MAD,CAI,2
MAD,CDG,3
MAD,CMN,2
MAD,CUN,4
MAD,DFW,3
MAD,DKR,2
MAD,DME,3
MAD,DOH,1
MAD,DUS,4
MAD,DXB,1
MAD,EWR,2
MAD,EZE,3
MAD,FCO,4
MAD,FRA,4
MAD,GIG,1
MAD,GRU,3
MAD,GVA,5
MAD,HAV,3
MAD,IAD,2
MAD,ICN,1
MAD,IST,2
MAD,JFK,6
MAD,KBP,2
MAD,KRK,1
MAD,LAX,3
MAD,LIM,3
MAD,LOS,1
MAD,LUX,1
MAD,MEX,4
MAD,MIA,3
MAD,MLA,1
MAD,MUC,3
MAD,MVD,1
MAD,MXP,4
MAD,NAP,2
MAD,NCE,1
MAD,ORD,3
MAD,OTP,3
MAD,PEK,1
MAD,PHL,2
MAD,PMO,1
MAD,PRG,2
MAD,PSA,1
MAD,SCL,2
MAD,SDQ,2
MAD,SJU,3
MAD,SVO,2
MAD,SXF,1
MAD,TLS,2
MAD,TLV,2
MAD,TRN,2
MAD,TUN,1
MAD,TXL,2
MAD,VCE,2
MAD,VIE,1
MAD,VRN,1
MAD,YUL,1
MBA,DUS,1
MBA,DXB,1
MBA,FCO,2
MBA,FRA,1
MBA,MXP,3
MBA,NBO,4
MBS,MSP,1
MBS,ORD,1
MCI,ABQ,1
MCI,ATL,2
MCI,BNA,1
MCI,BOS,1
MCI,BWI,1
MCI,CLE,1
MCI,CLT,2
MCI,CUN,1
MCI,CVG,1
MCI,DEN,4
MCI,DFW,1
MCI,EWR,1
MCI,FLL,1
MCI,IAD,1
MCI,IAH,1
MCI,IND,1
MCI,JFK,1
MCI,LAS,2
MCI,LAX,3
MCI,MCO,1
MCI,MDW,1
MCI,MEM,1
MCI,MKE,1
MCI,MSP,1
MCI,MSY,1
MCI,OAK,1
MCI,ORD,5
MCI,PDX,1
MCI,PHL,1
MCI,PHX,2
MCI,SAN,1
MCI,SEA,3
MCI,SFO,2
MCI,SLC,1
MCI,STL,1
MCI,TPA,1
MCI,YYZ,2
MCO,ATL,3
MCO,AUS,2
MCO,BDL,2
MCO,BHM,1
MCO,BNA,1
MCO,BOG,3
MCO,BOS,3
MCO,BUF,3
MCO,BWI,2
MCO,CLE,1
MCO,CLT,2
MCO,CMH,2
MCO,CUN,1
MCO,CVG,1
MCO,DAY,1
MCO,DEN,4
MCO,DFW,2
MCO,EWR,3
MCO,FLL,2
MCO,FRA,2
MCO,GLA,1
MCO,GRU,2
MCO,GSP,1
MCO,IAD,2
MCO,IAH,2
MCO,IND,2
MCO,JAN,1
MCO,JFK,3
MCO,KIN,1
MCO,LAS,3
MCO,LAX,5
MCO,MCI,1
MCO,MDW,2
MCO,MEM,1
MCO,MEX,3
MCO,MIA,2
MCO,MKE,3
MCO,MSP,3
MCO,MSY,1
MCO,NAS,2
MCO,ORD,4
MCO,ORF,1
MCO,PHL,4
MCO,PHX,2
MCO,PIT,2
MCO,RDU,2
MCO,RIC,2
MCO,ROC,1
MCO,RSW,1
MCO,SAN,2
MCO,SAT,1
MCO,SDF,1
MCO,SDQ,1
MCO,SEA,1
MCO,SFO,3
MCO,SJU,2
MCO,SLC,1
MCO,STL,1
MCO,SYR,1
MCO,YUL,2
MCO,YYC,1
MCO,YYZ,5
MCT,AMM,2
MCT,AUH,8
MCT,BAH,3
MCT,BEY,1
MCT,BLR,1
MCT,BOM,4
MCT,CAI,2
MCT,CDG,1
MCT,CMB,3
MCT,DEL,2
MCT,DMM,1
MCT,DOH,5
MCT,DXB,5
MCT,FRA,1
MCT,HYD,2
MCT,IKA,1
MCT,ISB,2
MCT,JED,1
MCT,KUL,1
MCT,KWI,1
MCT,MAA,2
MCT,MLE,1
MCT,MUC,1
MCT,MXP,1
MCT,RUH,2
MCT,SHJ,2
MCT,SYZ,1
MDL,KMG,1
MDL,RGN,3
MDW,ABQ,1
MDW,ATL,4
MDW,AUS,1
MDW,BDL,1
MDW,BHM,1
MDW,BNA,1
MDW,BOS,1
MDW,BUF,1
MDW,BWI,1
MDW,CHS,1
MDW,CLE,1
MDW,CMH,1
MDW,CUN,1
MDW,DEN,2
MDW,DSM,1
MDW,EWR,1
MDW,FLL,1
MDW,GDL,1
MDW,GSP,1
MDW,IAD,1
MDW,IND,1
MDW,JAN,1
MDW,LAS,1
MDW,LAX,1
MDW,MCI,1
MDW,MCO,2
MDW,MEX,1
MDW,MSP,2
MDW,MSY,1
MDW,OAK,1
MDW,ONT,1
MDW,ORF,1
MDW,PDX,1
MDW,PHL,1
MDW,PHX,1
MDW,PIT,1
MDW,RDU,1
MDW,RNO,1
MDW,RSW,2
MDW,SAN,1
MDW,SAT,1
MDW,SDF,1
MDW,SEA,1
MDW,SFO,1
MDW,SJC,1
MDW,SLC,1
MDW,SMF,1
MDW,STL,1
MDW,TPA,1
MDW,TUS,1
MEL,AKL,8
MEL,AUH,3
MEL,BNE,5
MEL,BWN,1
MEL,CAN,1
MEL,CBR,3
MEL,CGK,1
MEL,CHC,3
MEL,DOH,1
MEL,DPS,4
MEL,DXB,1
MEL,HKG,2
MEL,ICN,1
MEL,KUL,4
MEL,LAX,4
MEL,MNL,1
MEL,PER,5
MEL,PVG,3
MEL,SGN,2
MEL,SIN,7
MEL,SYD,9
MEL,WLG,3
MEM,ATL,2
MEM,AUS,1
MEM,BHM,1
MEM,BNA,1
MEM,BOS,1
MEM,CLE,1
MEM,CLT,2
MEM,CMH,1
MEM,CVG,1
MEM,DEN,3
MEM,DFW,2
MEM,DSM,1
MEM,EWR,1
MEM,FLL,1
MEM,IAH,2
MEM,IND,1
MEM,JAN,1
MEM,JAX,1
MEM,JFK,1
MEM,LAS,1
MEM,LAX,1
MEM,MCI,1
MEM,MCO,1
MEM,MIA,1
MEM,MKE,1
MEM,MSP,1
MEM,MSY,1
MEM,ORD,4
MEM,PHL,1
MEM,PHX,1
MEM,PIT,1
MEM,RDU,1
MEM,SAT,1
MEM,SDF,1
MEM,SLC,1
MEM,STL,1
MEM,TPA,1
MEM,TUL,1
MEX,ACA,4
MEX,ATL,3
MEX,BOG,3
MEX,CDG,3
MEX,CLT,2
MEX,CUN,4
MEX,DFW,2
MEX,EWR,1
MEX,EZE,1
MEX,FRA,1
MEX,GDL,4
MEX,GRU,2
MEX,HAV,3
MEX,IAD,4
MEX,IAH,3
MEX,JFK,4
MEX,LAS,3
MEX,LAX,8
MEX,LIM,3
MEX,MAD,4
MEX,MCO,3
MEX,MDW,1
MEX,MIA,6
MEX,MTY,6
MEX,NRT,0
MEX,ORD,4
MEX,PHX,1
MEX,PVR,3
MEX,SAN,1
MEX,SAT,4
MEX,SCL,2
MEX,SFO,4
MEX,SJD,3
MEX,TIJ,3
MEX,YUL,1
MEX,YVR,1
MEX,YYZ,1
MFM,CKG,2
MFM,CNX,1
MFM,CRK,2
MFM,CSX,2
MFM,CTU,2
MFM,DAD,1
MFM,FOC,1
MFM,HGH,4
MFM,ICN,3
MFM,KHH,3
MFM,KIX,2
MFM,KUL,1
MFM,MNL,3
MFM,NGB,2
MFM,NKG,2
MFM,NNG,2
MFM,NRT,2
MFM,PEK,2
MFM,PUS,1
MFM,PVG,6
MFM,SHA,4
MFM,SIN,2
MFM,TPE,3
MFM,WUH,2
MFM,XMN,4
MHD,BEY,1
MHD,DMM,1
MHD,DOH,1
MHD,DXB,0
MHD,FRU,1
MHD,IST,1
MHD,KWI,3
MHD,SYZ,2
MHD,TBZ,1
MHD,THR,4
MIA,ATL,2
MIA,BCN,3
MIA,BDL,1
MIA,BHM,1
MIA,BNA,1
MIA,BOG,4
MIA,BOS,1
MIA,BSB,3
MIA,BWI,1
MIA,BZE,1
MIA,CDG,6
MIA,CHS,1
MIA,CLE,1
MIA,CLT,2
MIA,CMH,1
MIA,CNF,3
MIA,CUN,2
MIA,CVG,1
MIA,DEN,2
MIA,DFW,2
MIA,DME,1
MIA,DUS,4
MIA,EWR,2
MIA,EZE,3
MIA,FCO,2
MIA,FRA,2
MIA,GCM,2
MIA,GIG,3
MIA,GRU,3
MIA,GSO,1
MIA,IAD,3
MIA,IAH,4
MIA,IND,1
MIA,JAX,1
MIA,JFK,2
MIA,KIN,1
MIA,LAS,1
MIA,LAX,3
MIA,LIM,4
MIA,MAD,3
MIA,MCO,2
MIA,MEM,1
MIA,MEX,6
MIA,MSP,2
MIA,MSY,1
MIA,MVD,1
MIA,MXP,2
MIA,NAS,2
MIA,ORD,4
MIA,ORF,1
MIA,PHL,3
MIA,PHX,1
MIA,PIT,1
MIA,RDU,1
MIA,RIC,1
MIA,SCL,2
MIA,SDF,1
MIA,SDQ,1
MIA,SEA,1
MIA,SFB,0
MIA,SFO,2
MIA,SJU,2
MIA,STL,1
MIA,SXM,1
MIA,TPA,3
MIA,TXL,2
MIA,YUL,2
MIA,YYZ,4
MKE,ATL,2
MKE,BOS,1
MKE,BWI,2
MKE,CLE,1
MKE,CLT,1
MKE,CUN,1
MKE,CVG,1
MKE,DEN,3
MKE,DFW,1
MKE,EWR,1
MKE,FLL,1
MKE,IAH,1
MKE,JFK,1
MKE,LAS,1
MKE,LAX,1
MKE,MCI,1
MKE,MCO,3
MKE,MEM,1
MKE,MSP,2
MKE,ORD,3
MKE,PHL,1
MKE,PHX,2
MKE,RSW,1
MKE,SEA,1
MKE,SFO,1
MKE,STL,1
MKE,TPA,2
MKE,YYZ,2
MLA,ATH,1
MLA,BCN,2
MLA,BFS,1
MLA,BRI,1
MLA,BRS,1
MLA,BUD,1
MLA,CAI,1
MLA,CDG,1
MLA,DME,1
MLA,DUS,2
MLA,FCO,3
MLA,FRA,3
MLA,GLA,0
MLA,GVA,1
MLA,IST,2
MLA,KRK,1
MLA,LBA,1
MLA,LCA,2
MLA,LUX,1
MLA,MAD,1
MLA,MUC,2
MLA,MXP,2
MLA,PRG,2
MLA,PSA,1
MLA,SVO,2
MLA,TIP,2
MLA,TLS,1
MLA,TRN,1
MLA,TUN,1
MLA,TXL,1
MLA,VIE,2
MLE,AUH,1
MLE,BLR,1
MLE,CAN,1
MLE,CMB,5
MLE,CTU,1
MLE,DME,1
MLE,DOH,1
MLE,DXB,1
MLE,FCO,2
MLE,FRA,1
MLE,KUL,1
MLE,MCT,1
MLE,SIN,1
MLE,SVO,1
MLI,ATL,1
MLI,DEN,2
MLI,DFW,1
MLI,LAS,1
MLI,MSP,1
MLI,ORD,3
MLI,SFB,1
MNL,AUH,2
MNL,BAH,2
MNL,BNE,1
MNL,BWN,2
MNL,CAN,2
MNL,CEB,5
MNL,CGK,3
MNL,DMM,1
MNL,DOH,2
MNL,DPS,1
MNL,DVO,5
MNL,DXB,2
MNL,GUM,2
MNL,HAN,1
MNL,HKG,4
MNL,HNL,2
MNL,ICN,6
MNL,JED,1
MNL,KHH,1
MNL,KIX,3
MNL,KUL,4
MNL,LAX,1
MNL,MEL,1
MNL,MFM,3
MNL,NGO,2
MNL,NRT,5
MNL,PEK,3
MNL,POM,1
MNL,PUS,3
MNL,PVG,3
MNL,REP,1
MNL,RUH,1
MNL,SFO,1
MNL,SGN,3
MNL,SIN,7
MNL,SYD,2
MNL,TPE,5
MNL,XMN,4
MNL,YVR,1
MSP,ABQ,1
MSP,ANC,1
MSP,ATL,2
MSP,AUS,1
MSP,BDL,1
MSP,BHM,1
MSP,BIL,1
MSP,BNA,1
MSP,BOS,2
MSP,BUF,1
MSP,BWI,1
MSP,CDG,2
MSP,CLE,2
MSP,CLT,3
MSP,CMH,1
MSP,CUN,1
MSP,CVG,1
MSP,DAY,1
MSP,DEN,5
MSP,DFW,4
MSP,DLH,1
MSP,DSM,1
MSP,EWR,2
MSP,FLL,1
MSP,FWA,1
MSP,GEG,1
MSP,GRB,1
MSP,IAD,2
MSP,IAH,2
MSP,ICT,1
MSP,IND,1
MSP,JAX,1
MSP,JFK,2
MSP,KEF,1
MSP,LAS,3
MSP,LAX,4
MSP,MBS,1
MSP,MCI,1
MSP,MCO,3
MSP,MDW,2
MSP,MEM,1
MSP,MIA,2
MSP,MKE,2
MSP,MLI,1
MSP,MSY,1
MSP,NRT,1
MSP,ORD,5
MSP,PDX,2
MSP,PHL,3
MSP,PHX,5
MSP,PIT,1
MSP,RDU,1
MSP,RIC,1
MSP,ROC,1
MSP,RST,1
MSP,RSW,2
MSP,SAN,2
MSP,SAT,1
MSP,SDF,1
MSP,SEA,5
MSP,SFO,4
MSP,SJC,1
MSP,SLC,1
MSP,SMF,1
MSP,STL,2
MSP,SYR,1
MSP,TPA,1
MSP,TUL,1
MSP,TUS,1
MSP,YEG,1
MSP,YUL,1
MSP,YVR,1
MSP,YWG,1
MSP,YYC,1
MSP,YYZ,3
MSQ,AUH,1
MSQ,BEY,1
MSQ,CDG,1
MSQ,DME,3
MSQ,EVN,1
MSQ,FCO,1
MSQ,FRA,2
MSQ,GYD,2
MSQ,HAJ,1
MSQ,IKA,1
MSQ,IST,2
MSQ,KBP,2
MSQ,LCA,1
MSQ,MXP,1
MSQ,PRG,2
MSQ,RIX,2
MSQ,SVO,1
MSQ,SXF,1
MSQ,TBS,1
MSQ,TLV,1
MSQ,TSE,1
MSQ,VIE,2
MSY,ATL,2
MSY,BHM,1
MSY,BNA,1
MSY,BOS,1
MSY,BWI,1
MSY,CLE,1
MSY,CLT,2
MSY,CVG,1
MSY,DEN,3
MSY,DFW,2
MSY,EWR,1
MSY,FLL,1
MSY,IAD,2
MSY,IAH,2
MSY,JFK,2
MSY,LAS,1
MSY,LAX,4
MSY,MCI,1
MSY,MCO,1
MSY,MDW,1
MSY,MEM,1
MSY,MIA,2
MSY,MSP,1
MSY,ORD,3
MSY,PHL,1
MSY,PHX,1
MSY,SFO,1
MSY,SLC,1
MSY,STL,1
MSY,TPA,1
MSY,YYZ,2
MTY,ACA,1
MTY,ATL,3
MTY,CUN,2
MTY,DFW,1
MTY,GDL,4
MTY,IAH,2
MTY,LAS,3
MTY,MEX,5
MTY,ORD,1
MTY,PVR,1
MTY,SAT,3
MTY,SJD,1
MTY,TIJ,1
MUC,ADB,3
MUC,ALC,1
MUC,AMM,3
MUC,ATH,3
MUC,ATL,3
MUC,AUH,4
MUC,AYT,6
MUC,BCN,4
MUC,BOM,2
MUC,BOS,2
MUC,BRI,3
MUC,BUD,1
MUC,CAI,2
MUC,CDG,2
MUC,CLT,2
MUC,DEL,2
MUC,DLM,2
MUC,DME,3
MUC,DOH,1
MUC,DOK,1
MUC,DUS,2
MUC,DXB,2
MUC,ESB,2
MUC,EWR,2
MUC,FCO,3
MUC,FMO,1
MUC,FRA,3
MUC,GRU,2
MUC,GVA,2
MUC,HAJ,2
MUC,HER,4
MUC,HKG,1
MUC,HRG,1
MUC,IAD,2
MUC,ICN,1
MUC,IST,2
MUC,JFK,2
MUC,JNB,2
MUC,KBP,1
MUC,KEF,1
MUC,KRK,2
MUC,LAX,2
MUC,LCA,3
MUC,LUX,2
MUC,MAD,3
MUC,MCT,1
MUC,MLA,2
MUC,MXP,3
MUC,NAP,3
MUC,NCE,1
MUC,NRT,2
MUC,ORD,2
MUC,OTP,3
MUC,PEK,2
MUC,PHL,2
MUC,PMO,3
MUC,PRG,1
MUC,PSA,1
MUC,PVG,2
MUC,RIX,2
MUC,RUH,2
MUC,SAW,3
MUC,SFO,2
MUC,SIN,2
MUC,SJJ,1
MUC,SKG,3
MUC,SVO,2
MUC,SXF,1
MUC,TBS,1
MUC,TIA,1
MUC,TLS,1
MUC,TLV,3
MUC,TRN,1
MUC,TUN,1
MUC,TXL,2
MUC,VCE,1
MUC,VIE,5
MUC,VRN,1
MUC,YUL,2
MUC,YYZ,2
MVD,EZE,1
MVD,GRU,2
MVD,LIM,1
MVD,MAD,1
MVD,MIA,1
MVD,SCL,1
MXP,AMM,2
MXP,ATH,3
MXP,ATL,2
MXP,AUH,2
MXP,BCN,4
MXP,BEY,1
MXP,BRI,3
MXP,BUD,1
MXP,CAI,3
MXP,CDG,2
MXP,CMN,2
MXP,CUN,1
MXP,DEL,2
MXP,DKR,1
MXP,DOH,1
MXP,DUS,3
MXP,DXB,1
MXP,EWR,2
MXP,FCO,7
MXP,FRA,1
MXP,GRU,1
MXP,GVA,1
MXP,GYD,2
MXP,HAJ,1
MXP,HAV,2
MXP,HER,1
MXP,HKG,1
MXP,HRG,1
MXP,ICN,0
MXP,IKA,1
MXP,ISB,0
MXP,IST,1
MXP,JED,2
MXP,JFK,5
MXP,KBP,4
MXP,LCA,2
MXP,LUX,2
MXP,MAD,4
MXP,MBA,2
MXP,MCT,1
MXP,MIA,2
MXP,MLA,2
MXP,MSQ,1
MXP,MUC,3
MXP,NAP,3
MXP,NCE,1
MXP,NRT,1
MXP,OTP,1
MXP,PEK,1
MXP,PMO,1
MXP,PRG,4
MXP,PVG,1
MXP,RUH,2
MXP,SIN,1
MXP,SKG,1
MXP,SVO,2
MXP,SXF,1
MXP,TIA,3
MXP,TLS,1
MXP,TLV,2
MXP,TUN,3
MXP,TXL,2
MXP,VIE,3
MYR,ATL,1
MYR,BOS,1
MYR,CLT,2
MYR,DFW,1
MYR,EWR,1
MYR,FLL,1
MYR,ORD,1
MYR,PHL,1
NAP,BCN,2
NAP,BRS,2
NAP,BUD,1
NAP,CDG,2
NAP,DUS,3
NAP,FCO,1
NAP,FRA,2
NAP,GLA,0
NAP,GVA,1
NAP,HAJ,1
NAP,IST,1
NAP,LUX,1
NAP,MAD,2
NAP,MUC,3
NAP,MXP,3
NAP,NCE,3
NAP,OTP,1
NAP,PMO,1
NAP,PRG,1
NAP,SXF,1
NAP,TLS,2
NAP,TRN,2
NAP,TUN,1
NAP,TXL,2
NAP,VCE,2
NAP,VIE,1
NAP,VRN,1
NAS,ATL,2
NAS,BOS,1
NAS,BWI,1
NAS,CLT,2
NAS,EWR,1
NAS,FLL,3
NAS,GCM,1
NAS,HAV,2
NAS,JFK,1
NAS,MCO,2
NAS,MIA,2
NAS,PHL,2
NAS,YYZ,2
NBO,ACC,1
NBO,AUH,1
NBO,BAH,1
NBO,BOM,2
NBO,CAI,1
NBO,CDG,2
NBO,DEL,1
NBO,DOH,1
NBO,DXB,3
NBO,FRA,0
NBO,ICN,2
NBO,IST,1
NBO,JED,2
NBO,JNB,3
NBO,KRT,1
NBO,LOS,1
NBO,MBA,5
NBO,SHJ,1
NCE,ATH,1
NCE,BCN,3
NCE,BRS,1
NCE,CDG,2
NCE,CMN,1
NCE,DUS,2
NCE,DXB,1
NCE,FCO,4
NCE,FRA,1
NCE,GVA,2
NCE,IST,1
NCE,JFK,2
NCE,LUX,1
NCE,MAD,1
NCE,MUC,2
NCE,MXP,1
NCE,NAP,3
NCE,RIX,1
NCE,SVO,1
NCE,SXF,1
NCE,TLS,2
NCE,TLV,1
NCE,TUN,2
NCE,VCE,3
NCE,VIE,3
NCE,YUL,1
NGB,CAN,3
NGB,CGO,1
NGB,CJU,1
NGB,CKG,2
NGB,CSX,6
NGB,CTU,2
NGB,DLC,4
NGB,HAK,3
NGB,HKG,4
NGB,HRB,1
NGB,KHH,1
NGB,KMG,2
NGB,KWL,2
NGB,MFM,2
NGB,PEK,5
NGB,SHE,1
NGB,SIN,1
NGB,SZX,3
NGB,TPE,3
NGB,TSN,1
NGB,WUH,3
NGB,XIY,1
NGB,XMN,4
NGO,CJU,1
NGO,DLC,1
NGO,FRA,2
NGO,GMP,1
NGO,GUM,3
NGO,HAN,2
NGO,HKG,3
NGO,HNL,3
NGO,ICN,6
NGO,MNL,2
NGO,NRT,2
NGO,PEK,3
NGO,PUS,2
NGO,PVG,6
NGO,SGN,1
NGO,SHE,1
NGO,SIN,2
NGO,TPE,3
NGO,TSN,2
NKG,CAN,6
NKG,CGO,3
NKG,CJU,1
NKG,CKG,6
NKG,CSX,7
NKG,CTU,5
NKG,DAD,1
NKG,DLC,7
NKG,FOC,6
NKG,FRA,2
NKG,HAK,4
NKG,HKG,6
NKG,HRB,5
NKG,ICN,2
NKG,KMG,6
NKG,KWL,4
NKG,MFM,2
NKG,NNG,2
NKG,NRT,2
NKG,PEK,5
NKG,PVG,1
NKG,SHE,5
NKG,SIN,1
NKG,SYX,2
NKG,SZX,5
NKG,TPE,3
NKG,TSN,1
NKG,XIY,7
NKG,XMN,7
NNG,CAN,3
NNG,CGK,1
NNG,CGO,3
NNG,CKG,5
NNG,CSX,5
NNG,CTU,4
NNG,FOC,4
NNG,HAK,4
NNG,HGH,2
NNG,HKG,2
NNG,KHH,2
NNG,KMG,6
NNG,KWL,2
NNG,MFM,2
NNG,NKG,2
NNG,PEK,5
NNG,PNH,1
NNG,PVG,3
NNG,RGN,1
NNG,SGN,1
NNG,SHA,5
NNG,SIN,1
NNG,SYX,1
NNG,SZX,4
NNG,TPE,2
NNG,WUH,6
NNG,XIY,2
NNG,XMN,5
NRT,AKL,2
NRT,ATL,1
NRT,AUH,2
NRT,BOM,2
NRT,BOS,2
NRT,CAI,2
NRT,CAN,6
NRT,CDG,3
NRT,CEB,1
NRT,CGK,3
NRT,CJU,2
NRT,CMB,1
NRT,CTU,2
NRT,DEL,2
NRT,DFW,2
NRT,DLC,5
NRT,DME,1
NRT,DPS,1
NRT,DXB,2
NRT,EWR,2
NRT,FCO,1
NRT,FOC,1
NRT,FRA,3
NRT,GUM,4
NRT,HAN,2
NRT,HGH,2
NRT,HKG,6
NRT,HNL,8
NRT,HRB,1
NRT,IAD,3
NRT,IAH,2
NRT,ICN,7
NRT,IST,2
NRT,ITM,2
NRT,JFK,6
NRT,KHH,2
NRT,KIX,3
NRT,KUL,2
NRT,LAX,10
NRT,MEX,1
NRT,MFM,2
NRT,MNL,5
NRT,MSP,1
NRT,MUC,2
NRT,MXP,1
NRT,NGO,2
NRT,NKG,2
NRT,ORD,5
NRT,PDX,1
NRT,PEK,7
NRT,POM,1
NRT,PUS,4
NRT,PVG,5
NRT,RGN,1
NRT,SEA,4
NRT,SFO,4
NRT,SGN,3
NRT,SHE,4
NRT,SIN,7
NRT,SVO,1
NRT,SYD,2
NRT,TIJ,0
NRT,TPE,7
NRT,VIE,2
NRT,XMN,3
NRT,YVR,4
NRT,YYC,2
NRT,YYZ,2
OAK,ABQ,1
OAK,AUS,1
OAK,BIL,1
OAK,DEN,1
OAK,GDL,1
OAK,GEG,1
OAK,HNL,2
OAK,IAD,1
OAK,JFK,1
OAK,LAS,2
OAK,LAX,4
OAK,MCI,1
OAK,MDW,1
OAK,ONT,1
OAK,PDX,4
OAK,PHX,2
OAK,RNO,1
OAK,SAN,1
OAK,SEA,3
OAK,SLC,2
ODS,DME,4
ODS,IST,3
ODS,KBP,3
ODS,PRG,1
ODS,SVO,2
ODS,TLV,1
ODS,VIE,2
ONT,DEN,3
ONT,DFW,1
ONT,GDL,2
ONT,IAH,1
ONT,LAS,1
ONT,MDW,1
ONT,OAK,1
ONT,PDX,3
ONT,PHX,2
ONT,SEA,2
ONT,SFO,1
ONT,SJC,1
ONT,SLC,1
ONT,SMF,1
ORD,ABQ,2
ORD,AMM,3
ORD,ANC,1
ORD,ATL,4
ORD,AUH,3
ORD,AUS,4
ORD,BDL,3
ORD,BHM,2
ORD,BNA,3
ORD,BOS,6
ORD,BUF,3
ORD,BWI,3
ORD,CDG,8
ORD,CHS,2
ORD,CLE,3
ORD,CLT,3
ORD,CMH,3
ORD,CUN,2
ORD,CVG,4
ORD,DAY,3
ORD,DEL,1
ORD,DEN,4
ORD,DFW,4
ORD,DLH,1
ORD,DSM,3
ORD,DUS,2
ORD,EWR,3
ORD,FCO,5
ORD,FLL,3
ORD,FRA,2
ORD,FWA,3
ORD,GDL,2
ORD,GRB,3
ORD,GRU,2
ORD,GSO,2
ORD,GSP,2
ORD,HKG,4
ORD,HNL,2
ORD,HSV,2
ORD,IAD,2
ORD,IAH,5
ORD,ICN,4
ORD,ICT,3
ORD,IND,3
ORD,IST,2
ORD,JAX,3
ORD,JFK,3
ORD,LAS,5
ORD,LAX,7
ORD,MAD,3
ORD,MBS,1
ORD,MCI,4
ORD,MCO,4
ORD,MEM,4
ORD,MEX,4
ORD,MIA,5
ORD,MKE,3
ORD,MLI,3
ORD,MSP,7
ORD,MSY,3
ORD,MTY,1
ORD,MUC,2
ORD,MYR,1
ORD,NRT,5
ORD,ORF,1
ORD,PBI,1
ORD,PDX,3
ORD,PEK,5
ORD,PHL,3
ORD,PHX,3
ORD,PIT,3
ORD,PVG,5
ORD,PVR,1
ORD,PWM,2
ORD,RDU,3
ORD,RIC,3
ORD,RNO,1
ORD,ROC,3
ORD,RST,1
ORD,RSW,3
ORD,SAN,4
ORD,SAT,3
ORD,SAV,1
ORD,SDF,3
ORD,SEA,4
ORD,SFO,7
ORD,SJC,2
ORD,SJD,3
ORD,SJU,3
ORD,SLC,4
ORD,SMF,2
ORD,STL,5
ORD,SYR,3
ORD,TPA,7
ORD,TUL,3
ORD,TUS,1
ORD,YEG,2
ORD,YHZ,2
ORD,YOW,5
ORD,YQB,2
ORD,YUL,5
ORD,YVR,6
ORD,YWG,2
ORD,YXU,2
ORD,YYC,5
ORD,YYZ,6
ORF,ATL,2
ORF,BNA,1
ORF,BOS,1
ORF,BWI,1
ORF,CLT,2
ORF,DFW,1
ORF,EWR,1
ORF,IAD,1
ORF,IAH,1
ORF,JAX,1
ORF,JFK,2
ORF,MCO,1
ORF,MDW,1
ORF,MIA,1
ORF,ORD,1
ORF,PHL,2
ORF,TPA,1
OTP,ALC,1
OTP,AMM,2
OTP,ATH,3
OTP,BCN,3
OTP,BEY,2
OTP,BRI,1
OTP,BUD,1
OTP,CAI,1
OTP,CDG,2
OTP,DOH,1
OTP,DUS,1
OTP,DXB,2
OTP,FCO,2
OTP,FRA,3
OTP,IST,2
OTP,KBP,1
OTP,LCA,2
OTP,MAD,3
OTP,MUC,3
OTP,MXP,1
OTP,NAP,1
OTP,PRG,1
OTP,PSA,1
OTP,SAW,1
OTP,SKG,1
OTP,SVO,2
OTP,TLV,2
OTP,TXL,1
OTP,VIE,4
OTP,VRN,1
PBI,ATL,2
PBI,BDL,1
PBI,BOS,1
PBI,BWI,1
PBI,CLT,2
PBI,DFW,1
PBI,EWR,2
PBI,IAH,2
PBI,JFK,1
PBI,ORD,1
PBI,PHL,3
PBI,SJU,1
PBI,TPA,1
PDX,ABQ,1
PDX,ANC,1
PDX,ATL,2
PDX,BIL,1
PDX,BOS,2
PDX,CLT,1
PDX,DEN,4
PDX,DFW,3
PDX,EWR,1
PDX,GEG,3
PDX,HNL,2
PDX,IAD,2
PDX,IAH,2
PDX,JFK,3
PDX,LAS,4
PDX,LAX,6
PDX,MCI,1
PDX,MDW,1
PDX,MSP,2
PDX,NRT,1
PDX,OAK,4
PDX,ONT,3
PDX,ORD,3
PDX,PHX,6
PDX,RNO,1
PDX,SAN,3
PDX,SEA,3
PDX,SFO,6
PDX,SJC,4
PDX,SLC,3
PDX,SMF,3
PDX,YVR,4
PDX,YYZ,1
PEK,ALA,2
PEK,AUH,3
PEK,CAI,2
PEK,CAN,6
PEK,CDG,3
PEK,CGK,1
PEK,CGO,5
PEK,CJJ,2
PEK,CJU,2
PEK,CKG,7
PEK,CSX,6
PEK,CTU,7
PEK,DAD,1
PEK,DEL,1
PEK,DLC,6
PEK,DME,1
PEK,DOH,1
PEK,DUS,2
PEK,DXB,5
PEK,EWR,1
PEK,FCO,3
PEK,FOC,5
PEK,FRA,2
PEK,GMP,4
PEK,HAK,5
PEK,HAN,2
PEK,HGH,6
PEK,HKG,6
PEK,HND,4
PEK,HRB,6
PEK,IAD,3
PEK,ICN,4
PEK,IKA,1
PEK,ISB,2
PEK,IST,2
PEK,JFK,3
PEK,JNB,2
PEK,KBP,2
PEK,KHH,1
PEK,KIX,2
PEK,KMG,5
PEK,KUL,3
PEK,KWL,3
PEK,LAX,3
PEK,MAD,1
PEK,MFM,2
PEK,MNL,3
PEK,MUC,2
PEK,MXP,1
PEK,NGB,5
PEK,NGO,3
PEK,NKG,5
PEK,NNG,5
PEK,NRT,7
PEK,ORD,5
PEK,PUS,4
PEK,PVG,8
PEK,REP,1
PEK,SEA,5
PEK,SFO,3
PEK,SGN,1
PEK,SHA,8
PEK,SHE,4
PEK,SIN,3
PEK,SVO,3
PEK,SYD,1
PEK,SYX,5
PEK,SZX,5
PEK,TLV,2
PEK,TPE,4
PEK,TSE,1
PEK,TXL,2
PEK,VIE,2
PEK,WNZ,4
PEK,WUH,5
PEK,XIY,6
PEK,XMN,6
PEK,YVR,2
PEK,YYZ,3
PER,AKL,1
PER,BNE,4
PER,CAN,2
PER,CBR,1
PER,CGK,2
PER,DOH,1
PER,DPS,5
PER,DXB,1
PER,HKG,2
PER,JNB,2
PER,KUL,2
PER,MEL,5
PER,SIN,7
PER,SYD,4
PFO,BRS,2
PFO,BUD,1
PFO,CWL,1
PFO,DME,1
PFO,EXT,1
PFO,GLA,3
PFO,KRK,1
PFO,LBA,1
PFO,LCA,2
PFO,LUX,1
PFO,PSA,1
PFO,SKG,1
PFO,SVO,1
PHF,ATL,1
PHF,CLT,1
PHF,DEN,1
PHF,PHL,2
PHF,SFB,1
PHL,ATL,4
PHL,AUS,1
PHL,BCN,2
PHL,BDL,2
PHL,BGR,1
PHL,BHM,1
PHL,BNA,2
PHL,BOS,1
PHL,BUF,2
PHL,BWI,1
PHL,CDG,2
PHL,CHS,1
PHL,CLE,2
PHL,CLT,2
PHL,CMH,1
PHL,CUN,2
PHL,CVG,2
PHL,DAY,1
PHL,DEN,4
PHL,DFW,3
PHL,ERI,1
PHL,EWR,2
PHL,FCO,1
PHL,FLL,3
PHL,FRA,2
PHL,GLA,1
PHL,GSO,2
PHL,GSP,1
PHL,IAD,1
PHL,IAH,3
PHL,IND,2
PHL,JAX,1
PHL,JFK,2
PHL,LAS,3
PHL,LAX,3
PHL,MAD,2
PHL,MCI,1
PHL,MCO,4
PHL,MDW,1
PHL,MEM,1
PHL,MIA,2
PHL,MKE,1
PHL,MSP,3
PHL,MSY,1
PHL,MUC,2
PHL,MYR,1
PHL,NAS,2
PHL,ORD,4
PHL,ORF,2
PHL,PBI,3
PHL,PHF,2
PHL,PHX,2
PHL,PIT,2
PHL,PWM,1
PHL,RDU,3
PHL,RIC,2
PHL,ROC,2
PHL,RSW,3
PHL,SAN,2
PHL,SAT,1
PHL,SAV,1
PHL,SDF,1
PHL,SEA,2
PHL,SFO,3
PHL,SJU,2
PHL,SLC,1
PHL,STL,2
PHL,SXM,2
PHL,SYR,2
PHL,TLV,1
PHL,TPA,3
PHL,VCE,1
PHL,YHZ,1
PHL,YOW,1
PHL,YQB,1
PHL,YUL,1
PHL,YYZ,3
PHX,ABQ,2
PHX,ANC,2
PHX,ATL,5
PHX,AUS,2
PHX,BHM,1
PHX,BNA,1
PHX,BOS,3
PHX,BUF,1
PHX,BWI,3
PHX,CLE,1
PHX,CLT,2
PHX,CMH,2
PHX,CUN,1
PHX,DEN,4
PHX,DFW,2
PHX,DSM,1
PHX,EWR,3
PHX,FLL,2
PHX,GDL,1
PHX,GEG,2
PHX,HNL,3
PHX,IAD,1
PHX,IAH,3
PHX,IND,2
PHX,JFK,3
PHX,LAS,2
PHX,LAX,6
PHX,MCI,2
PHX,MCO,2
PHX,MDW,1
PHX,MEM,1
PHX,MEX,1
PHX,MIA,1
PHX,MKE,2
PHX,MSP,5
PHX,MSY,1
PHX,OAK,2
PHX,ONT,2
PHX,ORD,4
PHX,PDX,6
PHX,PHL,3
PHX,PIT,3
PHX,PVR,1
PHX,RDU,1
PHX,RNO,2
PHX,SAN,2
PHX,SAT,2
PHX,SDF,1
PHX,SEA,5
PHX,SFO,3
PHX,SJC,3
PHX,SJD,1
PHX,SLC,3
PHX,SMF,2
PHX,STL,3
PHX,TPA,2
PHX,TUL,1
PHX,TUS,1
PHX,YEG,3
PHX,YVR,1
PHX,YYC,3
PHX,YYZ,2
PIT,ATL,2
PIT,BDL,2
PIT,BOS,2
PIT,BWI,1
PIT,CDG,2
PIT,CLE,2
PIT,CLT,2
PIT,CUN,1
PIT,CVG,1
PIT,DEN,3
PIT,DFW,1
PIT,EWR,1
PIT,FLL,1
PIT,IAD,1
PIT,IAH,1
PIT,JFK,3
PIT,LAS,1
PIT,LAX,2
PIT,MCO,2
PIT,MDW,1
PIT,MEM,1
PIT,MIA,1
PIT,MSP,1
PIT,ORD,3
PIT,PHL,2
PIT,PHX,3
PIT,RDU,1
PIT,RSW,1
PIT,SFO,2
PIT,STL,2
PIT,TPA,1
PIT,YYZ,2
PMO,BCN,2
PMO,BRI,1
PMO,FCO,3
PMO,FRA,1
PMO,MAD,1
PMO,MUC,3
PMO,MXP,1
PMO,NAP,1
PMO,PSA,1
PMO,TRN,1
PMO,TUN,1
PMO,VCE,3
PMO,VRN,2
PNH,CAN,1
PNH,HKG,1
PNH,ICN,2
PNH,KUL,2
PNH,NNG,1
PNH,PVG,1
PNH,REP,1
PNH,SGN,4
PNH,SIN,4
PNH,TPE,2
POM,BNE,4
POM,CEB,1
POM,HKG,1
POM,MNL,1
POM,NRT,1
POM,SIN,1
POM,SYD,2
PRG,ALA,1
PRG,ATH,1
PRG,AUH,2
PRG,AYT,1
PRG,BCN,5
PRG,BRI,1
PRG,BRS,1
PRG,BUD,3
PRG,CDG,4
PRG,DOK,1
PRG,DUS,2
PRG,DXB,2
PRG,EVN,2
PRG,FCO,4
PRG,FRA,2
PRG,GVA,3
PRG,GYD,2
PRG,HER,1
PRG,ICN,2
PRG,IST,1
PRG,JFK,3
PRG,KBP,2
PRG,KUF,2
PRG,LBA,1
PRG,LCA,1
PRG,MAD,2
PRG,MLA,2
PRG,MSQ,2
PRG,MUC,1
PRG,MXP,4
PRG,NAP,1
PRG,ODS,1
PRG,OTP,1
PRG,PSA,2
PRG,RIX,1
PRG,SVO,2
PRG,TBS,1
PRG,TIA,3
PRG,TLS,1
PRG,TLV,3
PRG,TXL,1
PRG,UFA,1
PRG,VCE,3
PRG,VIE,1
PRG,VNO,1
PSA,BCN,2
PSA,BRI,1
PSA,BRS,1
PSA,BUD,1
PSA,CDG,2
PSA,FCO,1
PSA,KRK,1
PSA,LBA,2
PSA,MAD,1
PSA,MLA,1
PSA,MUC,1
PSA,OTP,1
PSA,PFO,1
PSA,PMO,1
PSA,PRG,2
PSA,SXF,1
PSA,TIA,3
PUS,CAN,1
PUS,CEB,3
PUS,CJU,4
PUS,CSX,1
PUS,GMP,3
PUS,HAN,3
PUS,HGH,2
PUS,HKG,4
PUS,ICN,1
PUS,KIX,5
PUS,MFM,1
PUS,MNL,3
PUS,NGO,2
PUS,NRT,4
PUS,PEK,4
PUS,PVG,4
PUS,REP,1
PUS,SGN,3
PUS,SHE,2
PUS,TPE,2
PUS,XIY,1
PVG,AKL,2
PVG,AUH,3
PVG,BWN,1
PVG,CAN,4
PVG,CDG,3
PVG,CGK,1
PVG,CGO,3
PVG,CJU,2
PVG,CKG,8
PVG,CSX,2
PVG,CTU,7
PVG,DEL,2
PVG,DLC,5
PVG,DOH,1
PVG,DPS,1
PVG,DXB,1
PVG,EWR,1
PVG,FCO,2
PVG,FOC,2
PVG,FRA,3
PVG,HAK,5
PVG,HAN,2
PVG,HKG,8
PVG,HNL,1
PVG,HRB,5
PVG,ICN,5
PVG,IST,2
PVG,JFK,2
PVG,KHH,2
PVG,KIX,5
PVG,KMG,3
PVG,KUL,4
PVG,KWL,4
PVG,LAX,6
PVG,MEL,3
PVG,MFM,6
PVG,MNL,3
PVG,MUC,2
PVG,MXP,1
PVG,NGO,5
PVG,NKG,1
PVG,NNG,3
PVG,NRT,5
PVG,ORD,5
PVG,PEK,7
PVG,PNH,1
PVG,PUS,4
PVG,REP,1
PVG,SFO,3
PVG,SGN,2
PVG,SHE,5
PVG,SIN,2
PVG,SVO,2
PVG,SYD,4
PVG,SYX,4
PVG,SZX,5
PVG,TIJ,1
PVG,TPE,6
PVG,TSN,3
PVG,WNZ,3
PVG,WUH,4
PVG,XIY,8
PVG,XMN,3
PVG,YVR,3
PVG,YYZ,2
PVR,ATL,2
PVR,DEN,2
PVR,DFW,1
PVR,EWR,1
PVR,GDL,1
PVR,IAH,1
PVR,LAX,2
PVR,MEX,4
PVR,MTY,1
PVR,ORD,1
PVR,PHX,1
PVR,SAN,2
PVR,SFO,4
PVR,TIJ,1
PVR,YEG,1
PVR,YVR,1
PVR,YYC,1
PWM,ATL,1
PWM,BWI,1
PWM,CLE,1
PWM,CLT,1
PWM,EWR,1
PWM,IAD,1
PWM,JFK,1
PWM,ORD,2
PWM,PHL,1
PWM,YYZ,1
RDU,ATL,2
RDU,BDL,1
RDU,BNA,1
RDU,BOS,2
RDU,BWI,2
RDU,CLE,1
RDU,CLT,2
RDU,CMH,1
RDU,CVG,1
RDU,DEN,1
RDU,DFW,1
RDU,EWR,1
RDU,FLL,2
RDU,IAD,1
RDU,IAH,1
RDU,IND,1
RDU,JFK,3
RDU,LAS,1
RDU,LAX,2
RDU,MCO,2
RDU,MDW,1
RDU,MEM,1
RDU,MIA,1
RDU,MSP,1
RDU,ORD,3
RDU,PHL,3
RDU,PHX,1
RDU,PIT,1
RDU,SFO,1
RDU,STL,1
RDU,TPA,1
RDU,YYZ,2
REP,CAN,1
REP,CTU,1
REP,DAD,2
REP,HAN,1
REP,ICN,2
REP,KMG,1
REP,KUL,2
REP,MNL,1
REP,PEK,1
REP,PNH,4
REP,PUS,1
REP,PVG,1
REP,SGN,2
REP,SIN,2
RFD,DEN,1
RFD,LAS,1
RFD,SFB,1
RGN,CAN,2
RGN,CCU,1
RGN,CNX,1
RGN,DOH,1
RGN,HAN,1
RGN,ICN,1
RGN,KMG,2
RGN,KUL,3
RGN,MDL,3
RGN,NNG,1
RGN,NRT,1
RGN,SGN,1
RGN,SIN,4
RGN,TPE,2
RIC,ATL,2
RIC,BOS,2
RIC,CLE,1
RIC,CLT,2
RIC,CVG,1
RIC,DFW,1
RIC,EWR,1
RIC,FLL,1
RIC,IAD,1
RIC,IAH,1
RIC,JFK,1
RIC,MCO,2
RIC,MIA,1
RIC,MSP,1
RIC,ORD,3
RIC,PHL,2
RIC,YYZ,1
RIX,AYT,2
RIX,BCN,1
RIX,BRI,1
RIX,BUD,1
RIX,CDG,1
RIX,DME,2
RIX,DUS,2
RIX,FCO,2
RIX,FRA,3
RIX,HER,2
RIX,IST,2
RIX,JFK,1
RIX,KBP,2
RIX,LBA,1
RIX,MSQ,2
RIX,MUC,2
RIX,NCE,1
RIX,PRG,1
RIX,SVO,2
RIX,TBS,2
RIX,TLV,1
RIX,TXL,2
RIX,VCE,2
RIX,VIE,2
RIX,VNO,1
RNO,DEN,3
RNO,DFW,1
RNO,LAS,1
RNO,LAX,4
RNO,MDW,1
RNO,OAK,1
RNO,ORD,1
RNO,PDX,1
RNO,PHX,2
RNO,SAN,1
RNO,SEA,2
RNO,SFO,2
RNO,SJC,1
RNO,SLC,2
ROC,ATL,2
ROC,BOS,1
ROC,BWI,1
ROC,CLE,1
ROC,CLT,1
ROC,EWR,1
ROC,IAD,1
ROC,JFK,2
ROC,MCO,1
ROC,MSP,1
ROC,ORD,3
ROC,PHL,2
ROC,YYZ,1
RST,MSP,1
RST,ORD,1
RSW,ATL,2
RSW,BOS,1
RSW,BWI,2
RSW,CLE,1
RSW,CLT,2
RSW,CMH,1
RSW,CVG,1
RSW,DEN,1
RSW,DFW,1
RSW,DUS,3
RSW,EWR,2
RSW,IAH,2
RSW,IND,1
RSW,JFK,1
RSW,MCO,1
RSW,MDW,2
RSW,MKE,1
RSW,MSP,2
RSW,ORD,3
RSW,PHL,3
RSW,PIT,1
RSW,STL,1
RSW,YYZ,2
RUH,AMM,3
RUH,AUH,3
RUH,BAH,4
RUH,BEY,3
RUH,BLR,1
RUH,BOM,3
RUH,CAI,3
RUH,CAN,1
RUH,CDG,2
RUH,CGK,1
RUH,CMB,2
RUH,DEL,2
RUH,DMM,2
RUH,DOH,3
RUH,DXB,5
RUH,FCO,2
RUH,FRA,2
RUH,GVA,1
RUH,HKG,1
RUH,HYD,1
RUH,IAD,1
RUH,ISB,3
RUH,IST,2
RUH,JED,4
RUH,JFK,1
RUH,KRT,3
RUH,KUL,1
RUH,KWI,3
RUH,MAA,1
RUH,MCT,2
RUH,MNL,1
RUH,MUC,2
RUH,MXP,2
RUH,SHJ,2
RUH,SIN,1
SAN,ABQ,1
SAN,ATL,1
SAN,AUS,1
SAN,BNA,1
SAN,BOS,1
SAN,BWI,1
SAN,CLT,2
SAN,DEN,4
SAN,DFW,3
SAN,EWR,1
SAN,HNL,2
SAN,IAD,2
SAN,IAH,2
SAN,JFK,3
SAN,LAS,2
SAN,LAX,5
SAN,MCI,1
SAN,MCO,2
SAN,MDW,1
SAN,MEX,1
SAN,MSP,2
SAN,OAK,1
SAN,ORD,4
SAN,PDX,3
SAN,PHL,2
SAN,PHX,2
SAN,PVR,2
SAN,RNO,1
SAN,SAT,1
SAN,SEA,2
SAN,SFO,4
SAN,SJC,1
SAN,SJD,1
SAN,SLC,1
SAN,SMF,1
SAN,STL,1
SAN,TUS,1
SAN,YVR,2
SAN,YYC,2
SAN,YYZ,2
SAT,ATL,2
SAT,BNA,1
SAT,BWI,1
SAT,CLT,1
SAT,CUN,1
SAT,DEN,3
SAT,DFW,2
SAT,EWR,1
SAT,IAD,2
SAT,IAH,2
SAT,JFK,1
SAT,LAS,1
SAT,LAX,3
SAT,MCO,1
SAT,MDW,1
SAT,MEM,1
SAT,MEX,4
SAT,MSP,1
SAT,MTY,3
SAT,ORD,3
SAT,PHL,1
SAT,PHX,2
SAT,SAN,1
SAT,SEA,1
SAT,SFO,2
SAT,SLC,1
SAT,STL,1
SAT,TPA,1
SAV,ATL,1
SAV,CLT,2
SAV,DFW,1
SAV,EWR,1
SAV,IAD,1
SAV,IAH,1
SAV,ORD,1
SAV,PHL,1
SAW,ADB,2
SAW,ALA,1
SAW,AYT,2
SAW,BEY,1
SAW,BJV,2
SAW,CMN,1
SAW,DLM,2
SAW,DOK,1
SAW,DUS,4
SAW,DXB,2
SAW,ERZ,1
SAW,ESB,2
SAW,FCO,2
SAW,FRA,1
SAW,GYD,1
SAW,GZT,1
SAW,HAJ,1
SAW,HRK,1
SAW,IKA,1
SAW,JED,1
SAW,KBP,2
SAW,KWI,1
SAW,MUC,3
SAW,OTP,1
SAW,SHJ,1
SAW,SXF,2
SAW,TBS,1
SAW,TLV,1
SAW,TXL,1
SAW,TZX,2
SAW,VCE,2
SAW,VIE,2
SCL,AKL,2
SCL,ATL,1
SCL,BOG,2
SCL,CDG,2
SCL,CUN,1
SCL,DFW,2
SCL,EZE,3
SCL,GIG,2
SCL,GRU,2
SCL,JFK,2
SCL,LIM,9
SCL,MAD,2
SCL,MEX,2
SCL,MIA,2
SCL,MVD,1
SCL,SYD,2
SCL,YYZ,1
SDF,ATL,2
SDF,BWI,1
SDF,CLE,1
SDF,CLT,1
SDF,DEN,2
SDF,DFW,1
SDF,EWR,1
SDF,IAD,1
SDF,IAH,1
SDF,JFK,1
SDF,LAS,1
SDF,MCO,1
SDF,MDW,1
SDF,MEM,1
SDF,MIA,1
SDF,MSP,1
SDF,ORD,3
SDF,PHL,1
SDF,PHX,1
SDF,STL,1
SDF,TPA,1
SDQ,ATL,1
SDQ,BOG,1
SDQ,BOS,1
SDQ,CDG,2
SDQ,EWR,1
SDQ,FLL,2
SDQ,FRA,1
SDQ,HAV,1
SDQ,JFK,3
SDQ,LIM,1
SDQ,MAD,2
SDQ,MCO,1
SDQ,MIA,1
SDQ,SJU,2
SDQ,SXM,2
SEA,ABQ,1
SEA,ANC,4
SEA,ATL,2
SEA,AUS,1
SEA,BFI,1
SEA,BIL,1
SEA,BOS,2
SEA,CDG,3
SEA,CLT,1
SEA,CVG,1
SEA,DEN,6
SEA,DFW,2
SEA,DXB,1
SEA,EWR,4
SEA,FAI,1
SEA,FLL,1
SEA,FRA,3
SEA,GEG,1
SEA,HNL,5
SEA,IAD,2
SEA,IAH,3
SEA,ICN,5
SEA,JFK,4
SEA,KEF,1
SEA,KIX,1
SEA,LAS,2
SEA,LAX,7
SEA,MCI,3
SEA,MCO,1
SEA,MDW,1
SEA,MIA,1
SEA,MKE,1
SEA,MSP,3
SEA,NRT,4
SEA,OAK,3
SEA,ONT,2
SEA,ORD,7
SEA,PDX,2
SEA,PEK,5
SEA,PHL,2
SEA,PHX,5
SEA,RNO,2
SEA,SAN,2
SEA,SAT,1
SEA,SFO,7
SEA,SJC,3
SEA,SJD,1
SEA,SLC,2
SEA,SMF,4
SEA,STL,2
SEA,TPE,3
SEA,TUS,1
SEA,YEG,1
SEA,YVR,4
SEA,YYC,3
SEA,YYJ,1
SEA,YYZ,1
SFB,BGR,1
SFB,BRS,1
SFB,DSM,1
SFB,FWA,1
SFB,GLA,1
SFB,GSO,1
SFB,GSP,1
SFB,KEF,1
SFB,MIA,1
SFB,MLI,1
SFB,PHF,1
SFB,RFD,1
SFO,ABQ,1
SFO,AKL,2
SFO,ATL,3
SFO,AUS,3
SFO,BOS,4
SFO,BWI,2
SFO,CDG,3
SFO,CLE,1
SFO,CLT,2
SFO,CUN,3
SFO,CVG,1
SFO,DEN,4
SFO,DFW,4
SFO,DUS,2
SFO,DXB,1
SFO,EWR,2
SFO,FLL,2
SFO,FRA,3
SFO,GDL,2
SFO,GEG,1
SFO,HKG,6
SFO,HND,2
SFO,HNL,4
SFO,IAD,3
SFO,IAH,3
SFO,ICN,7
SFO,JFK,7
SFO,KIX,3
SFO,LAS,4
SFO,LAX,8
SFO,LIM,2
SFO,MCI,2
SFO,MCO,3
SFO,MDW,1
SFO,MEX,4
SFO,MIA,3
SFO,MKE,1
SFO,MNL,0
SFO,MSP,4
SFO,MSY,1
SFO,MUC,2
SFO,NRT,4
SFO,ONT,1
SFO,ORD,5
SFO,PDX,6
SFO,PEK,3
SFO,PHL,3
SFO,PHX,3
SFO,PIT,2
SFO,PVG,3
SFO,PVR,4
SFO,RDU,1
SFO,RNO,2
SFO,SAN,4
SFO,SAT,2
SFO,SEA,7
SFO,SJD,3
SFO,SLC,3
SFO,SMF,1
SFO,STL,1
SFO,SYD,3
SFO,TPE,5
SFO,TUS,1
SFO,YEG,2
SFO,YVR,4
SFO,YYC,3
SFO,YYJ,2
SFO,YYZ,2
SGN,CAN,3
SGN,CDG,4
SGN,CGK,1
SGN,DAD,3
SGN,DME,2
SGN,DXB,1
SGN,FRA,2
SGN,HAN,4
SGN,HKG,3
SGN,ICN,4
SGN,KHH,4
SGN,KIX,2
SGN,KUL,4
SGN,MEL,2
SGN,MNL,3
SGN,NGO,1
SGN,NNG,1
SGN,NRT,3
SGN,PEK,1
SGN,PNH,4
SGN,PUS,3
SGN,PVG,2
SGN,REP,2
SGN,RGN,1
SGN,SIN,6
SGN,SVO,1
SGN,SYD,2
SGN,TPE,3
SHA,CAN,7
SHA,CGO,3
SHA,CKG,5
SHA,CSX,5
SHA,CTU,4
SHA,FOC,4
SHA,GMP,4
SHA,HAK,1
SHA,HKG,6
SHA,HND,5
SHA,KMG,7
SHA,KWL,4
SHA,MFM,4
SHA,NNG,6
SHA,PEK,8
SHA,SHE,3
SHA,SYX,5
SHA,SZX,7
SHA,TSN,5
SHA,WNZ,4
SHA,WUH,2
SHA,XIY,5
SHA,XMN,5
SHE,CAN,3
SHE,CGO,3
SHE,CJU,1
SHE,CKG,3
SHE,CTU,3
SHE,DLC,1
SHE,FRA,2
SHE,HGH,5
SHE,HKG,1
SHE,HRB,1
SHE,ICN,2
SHE,KIX,2
SHE,NGB,1
SHE,NGO,1
SHE,NKG,5
SHE,NRT,4
SHE,PEK,4
SHE,PUS,2
SHE,PVG,5
SHE,SHA,3
SHE,SYX,1
SHE,SZX,2
SHE,TPE,4
SHE,WNZ,2
SHE,WUH,5
SHE,XIY,6
SHE,XMN,2
SHE,YVR,1
SHJ,ALA,1
SHJ,AMM,1
SHJ,BAH,1
SHJ,BEY,1
SHJ,BLR,1
SHJ,BOM,2
SHJ,CAI,1
SHJ,CMB,2
SHJ,DAM,1
SHJ,DEL,1
SHJ,DME,1
SHJ,DMM,1
SHJ,DOH,1
SHJ,DOK,1
SHJ,IKA,1
SHJ,JED,2
SHJ,KBP,1
SHJ,KRT,2
SHJ,KWI,1
SHJ,LTK,1
SHJ,MAA,1
SHJ,MCT,1
SHJ,NBO,1
SHJ,RUH,2
SHJ,SAW,1
SHJ,SYZ,1
SIN,AKL,3
SIN,ATH,1
SIN,AUH,5
SIN,BCN,1
SIN,BLR,3
SIN,BNE,9
SIN,BOM,4
SIN,BWN,2
SIN,CAN,5
SIN,CCU,4
SIN,CDG,3
SIN,CEB,3
SIN,CGK,13
SIN,CHC,1
SIN,CKG,2
SIN,CMB,6
SIN,CNX,3
SIN,CRK,2
SIN,CSX,2
SIN,CTU,3
SIN,DAD,2
SIN,DEL,4
SIN,DME,2
SIN,DOH,1
SIN,DPS,8
SIN,DVO,1
SIN,DXB,3
SIN,EWR,2
SIN,FCO,1
SIN,FOC,2
SIN,FRA,6
SIN,HAK,3
SIN,HAN,5
SIN,HGH,1
SIN,HKG,7
SIN,HND,3
SIN,HYD,3
SIN,ICN,5
SIN,IST,3
SIN,JED,1
SIN,JNB,3
SIN,KHH,1
SIN,KIX,2
SIN,KMG,3
SIN,KUL,8
SIN,LAX,2
SIN,MAA,5
SIN,MEL,7
SIN,MFM,2
SIN,MLE,1
SIN,MNL,7
SIN,MUC,3
SIN,MXP,1
SIN,NGB,1
SIN,NGO,2
SIN,NKG,1
SIN,NNG,1
SIN,NRT,7
SIN,PEK,4
SIN,PER,7
SIN,PNH,4
SIN,POM,1
SIN,PVG,2
SIN,REP,3
SIN,RGN,4
SIN,RUH,0
SIN,SGN,6
SIN,SUB,6
SIN,SYD,7
SIN,SZX,3
SIN,TPE,8
SIN,TSN,1
SIN,UPG,1
SIN,WUH,3
SIN,XMN,4
SIP,DME,5
SIP,EVN,1
SIP,IST,3
SIP,KBP,4
SIP,SVO,3
SIP,TLV,1
SJC,ATL,1
SJC,AUS,1
SJC,BOS,1
SJC,DEN,3
SJC,DFW,1
SJC,GDL,3
SJC,HNL,2
SJC,IAH,1
SJC,JFK,1
SJC,LAS,1
SJC,LAX,5
SJC,MDW,1
SJC,MSP,1
SJC,ONT,1
SJC,ORD,1
SJC,PDX,4
SJC,PHX,3
SJC,RNO,1
SJC,SAN,1
SJC,SEA,3
SJC,SJD,1
SJC,SLC,1
SJD,ATL,2
SJD,CLT,1
SJD,DEN,2
SJD,DFW,1
SJD,EWR,1
SJD,GDL,3
SJD,IAH,1
SJD,LAX,4
SJD,MEX,3
SJD,MTY,1
SJD,ORD,3
SJD,PHX,1
SJD,SAN,1
SJD,SEA,1
SJD,SFO,3
SJD,SJC,1
SJD,TIJ,1
SJD,YVR,2
SJD,YYC,2
SJJ,IST,2
SJJ,MUC,1
SJJ,VIE,1
SJU,ATL,3
SJU,BDL,1
SJU,BOS,1
SJU,BWI,1
SJU,CLT,1
SJU,DFW,1
SJU,EWR,2
SJU,FLL,3
SJU,FRA,1
SJU,IAD,2
SJU,IAH,1
SJU,JAX,1
SJU,JFK,5
SJU,MAD,2
SJU,MCO,2
SJU,MIA,2
SJU,ORD,3
SJU,PBI,1
SJU,PHL,2
SJU,SDQ,2
SJU,SXM,1
SJU,TPA,2
SJU,YYZ,1
SKG,ATH,5
SKG,BUD,1
SKG,DME,2
SKG,DUS,3
SKG,FRA,3
SKG,HER,2
SKG,IST,1
SKG,KBP,1
SKG,LCA,4
SKG,MUC,3
SKG,MXP,1
SKG,OTP,1
SKG,PFO,1
SKG,SXF,1
SKG,VIE,1
SLC,ABQ,1
SLC,ANC,1
SLC,ATL,1
SLC,AUS,1
SLC,BIL,1
SLC,BNA,1
SLC,BOS,1
SLC,BWI,2
SLC,CDG,2
SLC,CLT,2
SLC,CPR,1
SLC,CVG,2
SLC,DEN,5
SLC,DFW,2
SLC,EWR,1
SLC,GEG,1
SLC,HNL,2
SLC,IAD,1
SLC,IAH,3
SLC,IND,1
SLC,JFK,2
SLC,LAS,2
SLC,LAX,6
SLC,MCI,1
SLC,MCO,1
SLC,MDW,1
SLC,MEM,1
SLC,MSP,1
SLC,MSY,1
SLC,OAK,2
SLC,ONT,1
SLC,ORD,4
SLC,PDX,3
SLC,PHL,1
SLC,PHX,3
SLC,RNO,2
SLC,SAN,1
SLC,SAT,1
SLC,SEA,2
SLC,SFO,3
SLC,SJC,1
SLC,SMF,1
SLC,STL,1
SLC,TUL,1
SLC,TUS,1
SLC,YVR,1
SLC,YYC,1
SMF,ATL,1
SMF,DEN,4
SMF,DFW,2
SMF,GDL,2
SMF,HNL,1
SMF,IAD,2
SMF,IAH,2
SMF,JFK,1
SMF,LAS,1
SMF,LAX,6
SMF,MDW,1
SMF,MSP,1
SMF,ONT,1
SMF,ORD,2
SMF,PDX,3
SMF,PHX,2
SMF,SAN,1
SMF,SEA,4
SMF,SFO,1
SMF,SLC,1
SRQ,ATL,1
SRQ,BOS,1
SRQ,CLT,1
SRQ,JFK,1
STL,ABQ,1
STL,ATL,2
STL,BHM,1
STL,BNA,1
STL,BOS,1
STL,BWI,1
STL,CLE,1
STL,CLT,2
STL,CMH,1
STL,CUN,1
STL,CVG,1
STL,DEN,4
STL,DFW,2
STL,EWR,2
STL,FLL,1
STL,IAD,2
STL,IAH,1
STL,JFK,1
STL,LAS,1
STL,LAX,3
STL,MCI,1
STL,MCO,1
STL,MDW,1
STL,MEM,1
STL,MIA,1
STL,MKE,1
STL,MSP,2
STL,MSY,1
STL,ORD,6
STL,PHL,2
STL,PHX,3
STL,PIT,2
STL,RDU,1
STL,RSW,1
STL,SAN,1
STL,SAT,1
STL,SDF,1
STL,SEA,2
STL,SFO,1
STL,SLC,1
STL,TPA,1
STL,TUL,1
STL,YYZ,2
SUB,BWN,2
SUB,CGK,4
SUB,DPS,4
SUB,HKG,1
SUB,KUL,3
SUB,SIN,6
SUB,TPE,1
SUB,UPG,4
SVO,AER,2
SVO,ALA,1
SVO,ATH,1
SVO,AYT,1
SVO,BCN,2
SVO,BEY,1
SVO,BUD,1
SVO,CAI,1
SVO,CAN,1
SVO,CDG,2
SVO,CMN,1
SVO,CUN,1
SVO,DEL,2
SVO,DOK,2
SVO,DUS,2
SVO,DXB,2
SVO,EVN,1
SVO,FCO,2
SVO,FRA,1
SVO,FRU,3
SVO,GVA,1
SVO,GYD,1
SVO,HAJ,1
SVO,HAN,1
SVO,HAV,2
SVO,HKG,1
SVO,HRG,2
SVO,HRK,2
SVO,IAD,2
SVO,ICN,2
SVO,IKA,2
SVO,IST,1
SVO,JFK,2
SVO,KBP,2
SVO,KRK,1
SVO,KUF,1
SVO,LAX,2
SVO,LCA,2
SVO,MAD,2
SVO,MLA,2
SVO,MLE,1
SVO,MSQ,1
SVO,MUC,2
SVO,MXP,2
SVO,NCE,1
SVO,NRT,1
SVO,ODS,2
SVO,OTP,2
SVO,PEK,3
SVO,PFO,1
SVO,PRG,2
SVO,PVG,2
SVO,RIX,2
SVO,SGN,1
SVO,SIP,3
SVO,SXF,2
SVO,TLV,1
SVO,TSE,1
SVO,TXL,1
SVO,UFA,1
SVO,VCE,2
SVO,VDA,1
SVO,VIE,2
SVO,VNO,1
SXF,ADB,1
SXF,ATH,1
SXF,AYT,1
SXF,BCN,1
SXF,BRS,1
SXF,BUD,1
SXF,CAI,1
SXF,DLM,1
SXF,FCO,1
SXF,GLA,1
SXF,GVA,1
SXF,HER,3
SXF,KEF,2
SXF,LBA,1
SXF,LCA,1
SXF,MAD,1
SXF,MSQ,1
SXF,MUC,1
SXF,MXP,1
SXF,NAP,1
SXF,NCE,1
SXF,PSA,1
SXF,SAW,2
SXF,SKG,1
SXF,SVO,2
SXF,TLV,2
SXF,TUN,1
SXF,VCE,1
SXM,ATL,1
SXM,BOS,1
SXM,CDG,2
SXM,CLT,1
SXM,EWR,1
SXM,FLL,1
SXM,JFK,1
SXM,KIN,1
SXM,MIA,1
SXM,PHL,2
SXM,SDQ,2
SXM,SJU,1
SXM,YYZ,1
SYD,AKL,10
SYD,AUH,3
SYD,BNE,5
SYD,CAN,1
SYD,CBR,5
SYD,CGK,2
SYD,CHC,8
SYD,DFW,2
SYD,DPS,3
SYD,DXB,1
SYD,EZE,1
SYD,HKG,4
SYD,HNL,5
SYD,ICN,4
SYD,JNB,2
SYD,KUL,3
SYD,LAX,8
SYD,MEL,9
SYD,MNL,2
SYD,NRT,2
SYD,PEK,1
SYD,PER,4
SYD,POM,2
SYD,PVG,4
SYD,SCL,2
SYD,SFO,3
SYD,SGN,2
SYD,SIN,7
SYD,TPE,1
SYD,WLG,4
SYD,YVR,1
SYR,ATL,1
SYR,BOS,2
SYR,CLE,1
SYR,CLT,1
SYR,EWR,1
SYR,IAD,1
SYR,JFK,2
SYR,MCO,1
SYR,MSP,1
SYR,ORD,3
SYR,PHL,2
SYR,YYZ,1
SYX,CAN,3
SYX,CGO,3
SYX,CKG,4
SYX,CSX,7
SYX,CTU,4
SYX,DLC,1
SYX,DME,1
SYX,FOC,2
SYX,HGH,7
SYX,HKG,4
SYX,KMG,3
SYX,KWL,2
SYX,NKG,2
SYX,NNG,1
SYX,PEK,5
SYX,PVG,4
SYX,SHA,5
SYX,SHE,1
SYX,SZX,4
SYX,TPE,2
SYX,TSN,2
SYX,WNZ,3
SYX,WUH,4
SYX,XIY,2
SYX,XMN,3
SYZ,DOH,2
SYZ,DXB,2
SYZ,IST,1
SYZ,KWI,1
SYZ,MCT,1
SYZ,MHD,2
SYZ,SHJ,1
SYZ,TBZ,1
SYZ,THR,3
SZX,CGO,5
SZX,CKG,8
SZX,CSX,4
SZX,CTU,7
SZX,DLC,4
SZX,FOC,5
SZX,HAK,4
SZX,HGH,6
SZX,HRB,2
SZX,ICN,3
SZX,KHH,1
SZX,KMG,5
SZX,KUL,1
SZX,KWL,3
SZX,NGB,3
SZX,NKG,5
SZX,NNG,4
SZX,PEK,5
SZX,PVG,6
SZX,SHA,7
SZX,SHE,2
SZX,SIN,3
SZX,SYX,4
SZX,TPE,4
SZX,TSN,6
SZX,WNZ,4
SZX,WUH,4
SZX,XIY,5
SZX,XMN,6
TBS,ALA,1
TBS,ATH,1
TBS,CDG,1
TBS,DME,1
TBS,DOK,1
TBS,DXB,1
TBS,FCO,1
TBS,GYD,3
TBS,HRK,1
TBS,IKA,0
TBS,IST,1
TBS,KBP,2
TBS,MSQ,1
TBS,MUC,1
TBS,PRG,1
TBS,RIX,2
TBS,SAW,1
TBS,TLV,2
TBS,VIE,2
TBZ,GYD,1
TBZ,IST,2
TBZ,MHD,1
TBZ,SYZ,1
TBZ,THR,4
THR,MHD,4
THR,SYZ,3
THR,TBZ,3
TIA,ATH,4
TIA,BRI,1
TIA,FCO,2
TIA,HER,1
TIA,IST,1
TIA,MUC,1
TIA,MXP,3
TIA,PRG,3
TIA,PSA,3
TIA,TRN,1
TIA,VCE,1
TIA,VIE,2
TIA,VRN,2
TIJ,ACA,1
TIJ,GDL,3
TIJ,MEX,3
TIJ,MTY,1
TIJ,NRT,1
TIJ,PVG,1
TIJ,PVR,1
TIJ,SJD,1
TIP,AMM,3
TIP,ATH,1
TIP,AUH,1
TIP,CAI,3
TIP,CMN,2
TIP,FCO,2
TIP,FRA,1
TIP,IST,3
TIP,MLA,2
TIP,TUN,3
TIP,VIE,1
TLS,ATH,1
TLS,BCN,2
TLS,BRS,1
TLS,CDG,3
TLS,CMN,2
TLS,FCO,3
TLS,FRA,1
TLS,GVA,1
TLS,IST,2
TLS,MAD,2
TLS,MLA,1
TLS,MUC,1
TLS,MXP,1
TLS,NAP,2
TLS,NCE,2
TLS,PRG,1
TLS,TUN,2
TLS,TXL,1
TLS,VCE,3
TLS,VIE,1
TLS,YUL,1
TLV,AMM,2
TLV,ATH,3
TLV,BCN,4
TLV,BOM,1
TLV,BUD,1
TLV,CAI,1
TLV,CDG,3
TLV,DME,3
TLV,DOK,1
TLV,DUS,1
TLV,EVN,1
TLV,EWR,2
TLV,FCO,3
TLV,FRA,2
TLV,GVA,3
TLV,GYD,1
TLV,HKG,1
TLV,ICN,1
TLV,IST,1
TLV,JFK,2
TLV,JNB,1
TLV,KBP,3
TLV,LAX,1
TLV,LCA,3
TLV,MAD,2
TLV,MSQ,1
TLV,MUC,3
TLV,MXP,2
TLV,NCE,1
TLV,ODS,1
TLV,OTP,2
TLV,PEK,2
TLV,PHL,1
TLV,PRG,3
TLV,RIX,1
TLV,SAW,1
TLV,SIP,1
TLV,SVO,1
TLV,SXF,2
TLV,TBS,2
TLV,TXL,2
TLV,VIE,3
TLV,YYZ,2
TPA,ATL,2
TPA,AUS,1
TPA,BDL,1
TPA,BHM,1
TPA,BNA,1
TPA,BOS,1
TPA,BUF,1
TPA,BWI,2
TPA,CLE,1
TPA,CLT,2
TPA,CMH,1
TPA,CVG,1
TPA,DAY,1
TPA,DEN,3
TPA,DFW,3
TPA,EWR,2
TPA,FLL,3
TPA,GCM,1
TPA,IAD,1
TPA,IAH,2
TPA,IND,2
TPA,JAX,1
TPA,JFK,3
TPA,LAS,1
TPA,LAX,1
TPA,MCI,1
TPA,MDW,1
TPA,MEM,1
TPA,MIA,2
TPA,MKE,2
TPA,MSP,1
TPA,MSY,1
TPA,ORD,6
TPA,ORF,1
TPA,PBI,1
TPA,PHL,3
TPA,PHX,2
TPA,PIT,1
TPA,RDU,1
TPA,SAT,1
TPA,SDF,1
TPA,SJU,2
TPA,STL,1
TPA,YYZ,2
TPE,BNE,3
TPE,CAN,4
TPE,CDG,1
TPE,CGK,3
TPE,CGO,3
TPE,CJU,2
TPE,CKG,2
TPE,CNX,1
TPE,CSX,4
TPE,CTU,3
TPE,DEL,2
TPE,DLC,4
TPE,DPS,3
TPE,FOC,2
TPE,FRA,1
TPE,GUM,2
TPE,HAK,3
TPE,HAN,3
TPE,HGH,3
TPE,HKG,6
TPE,HRB,2
TPE,ICN,6
TPE,JFK,1
TPE,KIX,8
TPE,KMG,2
TPE,KUL,4
TPE,KWL,1
TPE,LAX,5
TPE,MFM,3
TPE,MNL,5
TPE,NGB,3
TPE,NGO,3
TPE,NKG,3
TPE,NNG,2
TPE,NRT,7
TPE,PEK,4
TPE,PNH,2
TPE,PUS,2
TPE,PVG,6
TPE,RGN,2
TPE,SEA,3
TPE,SFO,5
TPE,SGN,3
TPE,SHE,4
TPE,SIN,8
TPE,SUB,1
TPE,SYD,1
TPE,SYX,2
TPE,SZX,4
TPE,TSN,1
TPE,VIE,1
TPE,WUH,3
TPE,XIY,4
TPE,XMN,2
TPE,YVR,2
TPE,YYZ,1
TRN,BRI,2
TRN,CDG,2
TRN,DUS,1
TRN,FCO,4
TRN,FRA,1
TRN,IST,1
TRN,MAD,2
TRN,MLA,1
TRN,MUC,1
TRN,NAP,2
TRN,PMO,1
TRN,TIA,1
TSE,ALA,6
TSE,AUH,2
TSE,DME,1
TSE,FRA,3
TSE,GYD,1
TSE,IST,2
TSE,KBP,2
TSE,MSQ,1
TSE,PEK,1
TSE,SVO,1
TSE,VIE,2
TSN,CAN,4
TSN,CGO,2
TSN,CJJ,1
TSN,CJU,1
TSN,CKG,3
TSN,CSX,5
TSN,CTU,4
TSN,DLC,3
TSN,FOC,1
TSN,HGH,4
TSN,HKG,5
TSN,HRB,2
TSN,ICN,3
TSN,KHH,1
TSN,KMG,4
TSN,KWL,1
TSN,NGB,1
TSN,NGO,2
TSN,NKG,1
TSN,PVG,3
TSN,SHA,5
TSN,SIN,1
TSN,SYX,2
TSN,SZX,6
TSN,TPE,1
TSN,WUH,2
TSN,XIY,5
TSN,XMN,1
TUL,ATL,1
TUL,DEN,3
TUL,DFW,3
TUL,EWR,1
TUL,IAD,1
TUL,IAH,1
TUL,LAS,1
TUL,LAX,1
TUL,MEM,1
TUL,MSP,1
TUL,ORD,4
TUL,PHX,1
TUL,SLC,1
TUL,STL,1
TUN,AMM,1
TUN,ATH,1
TUN,BCN,1
TUN,BEY,2
TUN,CAI,2
TUN,CDG,3
TUN,CMN,3
TUN,DKR,1
TUN,DME,1
TUN,DOH,1
TUN,DUS,1
TUN,DXB,2
TUN,FCO,2
TUN,FRA,2
TUN,GVA,1
TUN,IST,2
TUN,JED,2
TUN,KWI,1
TUN,MAD,1
TUN,MLA,1
TUN,MUC,1
TUN,MXP,3
TUN,NAP,1
TUN,NCE,2
TUN,PMO,1
TUN,SXF,1
TUN,TIP,3
TUN,TLS,2
TUN,VCE,1
TUN,VIE,1
TUS,ABQ,1
TUS,ATL,1
TUS,DEN,3
TUS,DFW,1
TUS,IAH,1
TUS,LAS,1
TUS,LAX,4
TUS,MDW,1
TUS,MSP,1
TUS,ORD,1
TUS,PHX,1
TUS,SAN,1
TUS,SEA,1
TUS,SFO,1
TUS,SLC,1
TXL,ADB,2
TXL,ALC,1
TXL,AMM,2
TXL,AUH,2
TXL,AYT,3
TXL,BCN,4
TXL,BEY,2
TXL,BRI,2
TXL,BUD,2
TXL,CDG,3
TXL,CMN,1
TXL,DLM,1
TXL,DME,2
TXL,DOH,1
TXL,DUS,2
TXL,ESB,1
TXL,EWR,2
TXL,FCO,3
TXL,FRA,3
TXL,GVA,2
TXL,HER,1
TXL,HRG,1
TXL,IST,2
TXL,JFK,2
TXL,KBP,2
TXL,KRK,1
TXL,LAX,2
TXL,LUX,2
TXL,MAD,2
TXL,MIA,2
TXL,MLA,1
TXL,MUC,2
TXL,MXP,2
TXL,NAP,2
TXL,OTP,1
TXL,PEK,2
TXL,PRG,1
TXL,RIX,2
TXL,SAW,1
TXL,SVO,1
TXL,TLS,1
TXL,TLV,2
TXL,VCE,2
TXL,VIE,3
TXL,VRN,2
TZX,ADB,1
TZX,AYT,1
TZX,ESB,1
TZX,IST,2
TZX,SAW,2
UFA,DME,4
UFA,DXB,1
UFA,GYD,1
UFA,IST,1
UFA,KBP,1
UFA,LCA,1
UFA,PRG,1
UFA,SVO,1
UPG,CGK,4
UPG,DPS,2
UPG,KUL,1
UPG,SIN,1
UPG,SUB,4
VCE,ALC,1
VCE,BCN,4
VCE,BRI,2
VCE,CDG,4
VCE,DME,1
VCE,DOH,1
VCE,DUS,3
VCE,DXB,1
VCE,FCO,2
VCE,FRA,2
VCE,GVA,3
VCE,IST,1
VCE,JFK,2
VCE,LBA,1
VCE,MAD,2
VCE,MUC,1
VCE,NAP,2
VCE,NCE,3
VCE,PHL,1
VCE,PMO,3
VCE,PRG,3
VCE,RIX,2
VCE,SAW,2
VCE,SVO,2
VCE,SXF,1
VCE,TIA,1
VCE,TLS,3
VCE,TUN,1
VCE,TXL,2
VCE,VIE,2
VCE,YUL,1
VDA,CDG,0
VDA,SVO,1
VIE,ADB,1
VIE,AMM,3
VIE,ATH,2
VIE,AYT,4
VIE,BCN,5
VIE,BUD,1
VIE,CAI,2
VIE,CDG,4
VIE,DEL,2
VIE,DLM,1
VIE,DME,4
VIE,DOH,1
VIE,DUS,3
VIE,DXB,2
VIE,ESB,3
VIE,EVN,2
VIE,FCO,4
VIE,FRA,5
VIE,GVA,2
VIE,GYD,2
VIE,HAJ,3
VIE,HER,1
VIE,HRG,2
VIE,HRK,2
VIE,IAD,2
VIE,ICN,0
VIE,IKA,2
VIE,IST,2
VIE,JFK,2
VIE,KBP,2
VIE,KRK,2
VIE,LCA,2
VIE,LUX,2
VIE,MAD,1
VIE,MLA,2
VIE,MSQ,2
VIE,MUC,5
VIE,MXP,3
VIE,NAP,1
VIE,NCE,3
VIE,NRT,2
VIE,ODS,2
VIE,OTP,4
VIE,PEK,2
VIE,PRG,1
VIE,RIX,2
VIE,SAW,2
VIE,SJJ,1
VIE,SKG,1
VIE,SVO,2
VIE,TBS,2
VIE,TIA,2
VIE,TIP,1
VIE,TLS,1
VIE,TLV,3
VIE,TPE,1
VIE,TSE,2
VIE,TUN,1
VIE,TXL,3
VIE,VCE,2
VIE,VNO,1
VIE,VRN,2
VIE,YYZ,3
VNO,AYT,1
VNO,BCN,2
VNO,DME,1
VNO,FCO,1
VNO,FRA,2
VNO,HER,1
VNO,KBP,1
VNO,KRK,1
VNO,LCA,0
VNO,PRG,1
VNO,RIX,2
VNO,SVO,1
VNO,VIE,1
VRA,CUN,2
VRA,DME,1
VRA,DUS,1
VRA,FRA,1
VRA,YUL,2
VRA,YYZ,3
VRN,BRI,1
VRN,CDG,3
VRN,DUS,2
VRN,FCO,1
VRN,FRA,1
VRN,HRG,1
VRN,MAD,1
VRN,MUC,1
VRN,NAP,1
VRN,OTP,1
VRN,PMO,2
VRN,TIA,2
VRN,TXL,2
VRN,VIE,2
WLG,AKL,2
WLG,BNE,2
WLG,CHC,2
WLG,MEL,3
WLG,SYD,4
WNZ,CAN,6
WNZ,CGO,1
WNZ,CKG,2
WNZ,CSX,3
WNZ,CTU,4
WNZ,HAK,2
WNZ,HKG,1
WNZ,HRB,1
WNZ,ICN,1
WNZ,KMG,3
WNZ,KWL,1
WNZ,PEK,4
WNZ,PVG,3
WNZ,SHA,4
WNZ,SHE,2
WNZ,SYX,3
WNZ,SZX,4
WNZ,WUH,3
WNZ,XIY,2
WNZ,XMN,2
WUH,CAN,5
WUH,CDG,1
WUH,CKG,8
WUH,CTU,5
WUH,DLC,3
WUH,FOC,2
WUH,HAK,2
WUH,HGH,3
WUH,HKG,4
WUH,HRB,2
WUH,ICN,2
WUH,KHH,2
WUH,KMG,6
WUH,KWL,1
WUH,MFM,2
WUH,NGB,3
WUH,NNG,6
WUH,PEK,5
WUH,PVG,4
WUH,SHA,2
WUH,SHE,5
WUH,SIN,3
WUH,SYX,4
WUH,SZX,4
WUH,TPE,3
WUH,TSN,2
WUH,WNZ,3
WUH,XIY,5
WUH,XMN,6
XIY,CAN,5
XIY,CKG,6
XIY,CSX,7
XIY,CTU,7
XIY,DLC,5
XIY,FOC,3
XIY,HAK,1
XIY,HGH,9
XIY,HKG,4
XIY,HRB,3
XIY,ICN,3
XIY,KMG,6
XIY,KWL,5
XIY,NGB,1
XIY,NKG,7
XIY,NNG,2
XIY,PEK,6
XIY,PUS,1
XIY,PVG,8
XIY,SHA,4
XIY,SHE,5
XIY,SYX,2
XIY,SZX,5
XIY,TPE,4
XIY,TSN,5
XIY,WNZ,2
XIY,WUH,6
XIY,XMN,2
XMN,CAN,5
XMN,CGK,1
XMN,CGO,6
XMN,CKG,4
XMN,CSX,6
XMN,CTU,4
XMN,DLC,1
XMN,FOC,1
XMN,HAK,4
XMN,HGH,6
XMN,HKG,4
XMN,HRB,0
XMN,ICN,2
XMN,KHH,3
XMN,KMG,7
XMN,KUL,3
XMN,KWL,5
XMN,MFM,4
XMN,MNL,4
XMN,NGB,4
XMN,NKG,7
XMN,NNG,6
XMN,NRT,3
XMN,PEK,6
XMN,PVG,3
XMN,SHA,4
XMN,SHE,2
XMN,SIN,4
XMN,SYX,3
XMN,SZX,7
XMN,TPE,2
XMN,TSN,1
XMN,WNZ,3
XMN,WUH,6
XMN,XIY,2
YEG,CUN,1
YEG,DEN,2
YEG,IAH,2
YEG,LAS,2
YEG,LAX,3
YEG,MSP,1
YEG,ORD,2
YEG,PHX,3
YEG,PVR,1
YEG,SEA,1
YEG,SFO,2
YEG,YOW,2
YEG,YUL,1
YEG,YVR,3
YEG,YWG,2
YEG,YYC,4
YEG,YYJ,1
YEG,YYZ,3
YHZ,BOS,2
YHZ,EWR,1
YHZ,FRA,1
YHZ,ORD,2
YHZ,PHL,1
YHZ,YOW,3
YHZ,YUL,2
YHZ,YYC,1
YHZ,YYZ,4
YOW,BOS,2
YOW,CLT,1
YOW,EWR,1
YOW,FRA,3
YOW,IAD,2
YOW,ORD,4
YOW,PHL,1
YOW,YEG,2
YOW,YHZ,3
YOW,YQB,1
YOW,YUL,1
YOW,YVR,3
YOW,YWG,2
YOW,YXU,1
YOW,YYC,2
YOW,YYZ,3
YQB,CDG,1
YQB,EWR,1
YQB,IAD,2
YQB,ORD,2
YQB,PHL,1
YQB,YOW,1
YQB,YUL,3
YQB,YYZ,3
YUL,AMM,3
YUL,ATH,1
YUL,ATL,1
YUL,BCN,3
YUL,BDL,1
YUL,BOS,2
YUL,CDG,6
YUL,CLE,1
YUL,CLT,1
YUL,CMN,1
YUL,CUN,3
YUL,DEN,1
YUL,DFW,2
YUL,DOH,1
YUL,EWR,2
YUL,FCO,1
YUL,FLL,3
YUL,FRA,3
YUL,GVA,4
YUL,HAV,1
YUL,IAD,2
YUL,IAH,2
YUL,IST,0
YUL,JFK,5
YUL,LAS,3
YUL,LAX,1
YUL,MAD,1
YUL,MCO,2
YUL,MEX,1
YUL,MIA,2
YUL,MSP,1
YUL,MUC,2
YUL,NCE,1
YUL,ORD,5
YUL,PHL,1
YUL,TLS,1
YUL,VCE,1
YUL,VRA,2
YUL,YEG,1
YUL,YHZ,2
YUL,YOW,1
YUL,YQB,2
YUL,YVR,2
YUL,YWG,2
YUL,YYC,2
YUL,YYZ,6
YVR,AKL,2
YVR,CAN,1
YVR,CUN,1
YVR,DEN,2
YVR,DFW,2
YVR,DUS,2
YVR,EWR,3
YVR,FRA,3
YVR,HKG,4
YVR,HNL,3
YVR,IAH,1
YVR,ICN,3
YVR,JFK,2
YVR,LAS,6
YVR,LAX,7
YVR,MEX,1
YVR,MNL,1
YVR,MSP,1
YVR,NRT,4
YVR,ORD,6
YVR,PDX,4
YVR,PEK,2
YVR,PHX,1
YVR,PVG,3
YVR,PVR,1
YVR,SAN,2
YVR,SEA,4
YVR,SFO,4
YVR,SHE,1
YVR,SJD,2
YVR,SLC,1
YVR,SYD,1
YVR,TPE,2
YVR,YEG,3
YVR,YOW,2
YVR,YUL,2
YVR,YWG,2
YVR,YYC,5
YVR,YYJ,2
YVR,YYZ,2
YWG,DEN,2
YWG,LAS,1
YWG,MSP,1
YWG,ORD,2
YWG,YEG,3
YWG,YOW,2
YWG,YUL,2
YWG,YVR,2
YWG,YXU,1
YWG,YYC,2
YWG,YYZ,3
YXU,ORD,2
YXU,YOW,1
YXU,YWG,1
YXU,YYC,1
YXU,YYZ,1
YYC,CUN,2
YYC,DEN,2
YYC,DFW,2
YYC,EWR,2
YYC,FRA,4
YYC,GLA,1
YYC,IAH,2
YYC,LAS,5
YYC,LAX,5
YYC,MCO,1
YYC,MSP,1
YYC,NRT,2
YYC,ORD,5
YYC,PHX,3
YYC,PVR,1
YYC,SAN,2
YYC,SEA,3
YYC,SFO,3
YYC,SJD,2
YYC,SLC,1
YYC,YEG,5
YYC,YHZ,1
YYC,YOW,3
YYC,YUL,3
YYC,YVR,3
YYC,YWG,2
YYC,YXU,1
YYC,YYJ,2
YYC,YYZ,3
YYJ,LAS,1
YYJ,SEA,1
YYJ,SFO,2
YYJ,YEG,1
YYJ,YVR,2
YYJ,YYC,2
YYJ,YYZ,2
YYZ,ATL,4
YYZ,AUH,1
YYZ,BCN,2
YYZ,BDL,2
YYZ,BNA,2
YYZ,BOG,2
YYZ,BOS,5
YYZ,BWI,1
YYZ,CDG,6
YYZ,CLE,2
YYZ,CLT,2
YYZ,CMH,2
YYZ,CUN,3
YYZ,CVG,4
YYZ,DEN,2
YYZ,DFW,4
YYZ,DME,1
YYZ,DXB,1
YYZ,EWR,2
YYZ,FCO,5
YYZ,FLL,4
YYZ,FRA,4
YYZ,GCM,2
YYZ,GLA,1
YYZ,GRU,2
YYZ,HAV,1
YYZ,HKG,2
YYZ,IAD,2
YYZ,IAH,2
YYZ,ICN,1
YYZ,IND,2
YYZ,ISB,1
YYZ,IST,1
YYZ,JFK,5
YYZ,KBP,1
YYZ,KEF,1
YYZ,KIN,3
YYZ,LAS,5
YYZ,LAX,4
YYZ,LIM,1
YYZ,MCI,2
YYZ,MCO,5
YYZ,MEX,1
YYZ,MIA,4
YYZ,MKE,2
YYZ,MSP,3
YYZ,MSY,2
YYZ,MUC,2
YYZ,NAS,2
YYZ,NRT,2
YYZ,ORD,6
YYZ,PDX,1
YYZ,PEK,3
YYZ,PHL,3
YYZ,PHX,2
YYZ,PIT,2
YYZ,PVG,2
YYZ,PWM,1
YYZ,RDU,2
YYZ,RIC,1
YYZ,ROC,1
YYZ,RSW,2
YYZ,SAN,2
YYZ,SCL,1
YYZ,SEA,1
YYZ,SFO,2
YYZ,SJU,1
YYZ,STL,2
YYZ,SXM,1
YYZ,SYR,1
YYZ,TLV,2
YYZ,TPA,2
YYZ,TPE,1
YYZ,VIE,3
YYZ,VRA,3
YYZ,YEG,3
YYZ,YHZ,2
YYZ,YOW,3
YYZ,YQB,4
YYZ,YUL,6
YYZ,YVR,2
YYZ,YWG,3
YYZ,YXU,1
YYZ,YYC,3
YYZ,YYJ,2
